site,wt_nt,mut_nt,gene,codon_position,codon_site,wt_codon,mut_codon,wt_aa,mut_aa,is_synonymous,nuc,aa,gene_codon_site_id,seq_context,counts,mut_seq_context,ref_seq_context,mut_type
35,G,A,HA,3,2,AAG,AAA,K,K,True,G35A,K2K,HA-2,AGA,43,AGA,AGA,GA
35,G,A,HA,3,2,AAG,AAA,K,K,True,G35A,K2K,HA-2,AGA,9,AGG,AGA,GA
38,C,T,HA,3,3,ACC,ACT,T,T,True,C38T,T3T,HA-3,CCA,4,CCG,CCA,CT
38,C,T,HA,3,3,ACC,ACT,T,T,True,C38T,T3T,HA-3,CCA,6,CCA,CCA,CT
38,C,G,HA,3,3,ACC,ACG,T,T,True,C38G,T3T,HA-3,CCA,0,,,CG
38,C,A,HA,3,3,ACC,ACA,T,T,True,C38A,T3T,HA-3,CCA,1,CCA,CCA,CA
41,C,T,HA,3,4,ATC,ATT,I,I,True,C41T,I4I,HA-4,TCA,37,TCA,TCA,CT
41,C,A,HA,3,4,ATC,ATA,I,I,True,C41A,I4I,HA-4,TCA,10,TCA,TCA,CA
44,T,C,HA,3,5,ATT,ATC,I,I,True,T44C,I5I,HA-5,TTG,10,TTG,TTG,TC
44,T,A,HA,3,5,ATT,ATA,I,I,True,T44A,I5I,HA-5,TTG,7,TTG,TTG,TA
47,T,G,HA,3,6,GCT,GCG,A,A,True,T47G,A6A,HA-6,CTT,9,CTT,CTT,TG
47,T,C,HA,3,6,GCT,GCC,A,A,True,T47C,A6A,HA-6,CTT,38,CTT,CTT,TC
47,T,A,HA,3,6,GCT,GCA,A,A,True,T47A,A6A,HA-6,CTT,13,CTT,CTT,TA
48,T,C,HA,1,7,TTG,CTG,L,L,True,T48C,L7L,HA-7,TTT,2,CTT,TTT,TC
48,T,C,HA,1,7,TTG,CTG,L,L,True,T48C,L7L,HA-7,TTT,26,TTT,TTT,TC
50,G,A,HA,3,7,TTG,TTA,L,L,True,G50A,L7L,HA-7,TGA,48,TGA,TGA,GA
53,C,T,HA,3,8,AGC,AGT,S,S,True,C53T,S8S,HA-8,GCT,5,GCT,GCT,CT
53,C,T,HA,3,8,AGC,AGT,S,S,True,C53T,S8S,HA-8,GCT,2,GCC,GCT,CT
53,C,T,HA,3,8,AGC,AGT,S,S,True,C53T,S8S,HA-8,GCT,2,GCA,GCT,CT
56,C,T,HA,3,9,TAC,TAT,Y,Y,True,C56T,Y9Y,HA-9,ACA,3,ACG,ACA,CT
56,C,T,HA,3,9,TAC,TAT,Y,Y,True,C56T,Y9Y,HA-9,ACA,6,ACA,ACA,CT
59,T,C,HA,3,10,ATT,ATC,I,I,True,T59C,I10I,HA-10,TTT,2,TTT,TTT,TC
59,T,C,HA,3,10,ATT,ATC,I,I,True,T59C,I10I,HA-10,TTT,35,TTC,TTT,TC
59,T,A,HA,3,10,ATT,ATA,I,I,True,T59A,I10I,HA-10,TTT,0,,,TA
62,C,T,HA,3,11,TTC,TTT,F,F,True,C62T,F11F,HA-11,TCT,3,TCT,TCT,CT
65,T,C,HA,3,12,TGT,TGC,C,C,True,T65C,C12C,HA-12,GTC,70,GTC,GTC,TC
65,T,C,HA,3,12,TGT,TGC,C,C,True,T65C,C12C,HA-12,GTC,1,GTT,GTC,TC
65,T,C,HA,3,12,TGT,TGC,C,C,True,T65C,C12C,HA-12,GTC,1,GTA,GTC,TC
66,C,T,HA,1,13,CTG,TTG,L,L,True,C66T,L13L,HA-13,TCT,52,TCT,TCT,CT
66,C,T,HA,1,13,CTG,TTG,L,L,True,C66T,L13L,HA-13,TCT,1,CCT,TCT,CT
68,G,T,HA,3,13,CTG,CTT,L,L,True,G68T,L13L,HA-13,TGG,1,TGA,TGG,GT
68,G,T,HA,3,13,CTG,CTT,L,L,True,G68T,L13L,HA-13,TGG,15,TGG,TGG,GT
68,G,C,HA,3,13,CTG,CTC,L,L,True,G68C,L13L,HA-13,TGG,0,,,GC
68,G,A,HA,3,13,CTG,CTA,L,L,True,G68A,L13L,HA-13,TGG,51,TGG,TGG,GA
68,G,A,HA,3,13,CTG,CTA,L,L,True,G68A,L13L,HA-13,TGG,6,TGA,TGG,GA
71,T,G,HA,3,14,GCT,GCG,A,A,True,T71G,A14A,HA-14,CTC,0,,,TG
71,T,C,HA,3,14,GCT,GCC,A,A,True,T71C,A14A,HA-14,CTC,3,CTT,CTC,TC
71,T,C,HA,3,14,GCT,GCC,A,A,True,T71C,A14A,HA-14,CTC,1,CTC,CTC,TC
71,T,A,HA,3,14,GCT,GCA,A,A,True,T71A,A14A,HA-14,CTC,0,,,TA
74,C,T,HA,3,15,CTC,CTT,L,L,True,C74T,L15L,HA-15,TCG,3,TCG,TCG,CT
74,C,T,HA,3,15,CTC,CTT,L,L,True,C74T,L15L,HA-15,TCG,1,TCA,TCG,CT
74,C,G,HA,3,15,CTC,CTG,L,L,True,C74G,L15L,HA-15,TCG,0,,,CG
74,C,A,HA,3,15,CTC,CTA,L,L,True,C74A,L15L,HA-15,TCG,1,TCG,TCG,CA
77,C,T,HA,3,16,GGC,GGT,G,G,True,C77T,G16G,HA-16,GCC,2,GCC,GCC,CT
77,C,G,HA,3,16,GGC,GGG,G,G,True,C77G,G16G,HA-16,GCC,0,,,CG
77,C,A,HA,3,16,GGC,GGA,G,G,True,C77A,G16G,HA-16,GCC,0,,,CA
80,A,G,HA,3,17,CAA,CAG,Q,Q,True,A80G,Q17Q,HA-17,AAG,41,AAA,AAG,AG
80,A,G,HA,3,17,CAA,CAG,Q,Q,True,A80G,Q17Q,HA-17,AAG,1,AAG,AAG,AG
83,C,T,HA,3,18,GAC,GAT,D,D,True,C83T,D18D,HA-18,ACC,5,ACC,ACC,CT
83,C,T,HA,3,18,GAC,GAT,D,D,True,C83T,D18D,HA-18,ACC,1,ACT,ACC,CT
86,T,G,HA,3,19,CTT,CTG,L,L,True,T86G,L19L,HA-19,TTC,3,TTC,TTC,TG
86,T,C,HA,3,19,CTT,CTC,L,L,True,T86C,L19L,HA-19,TTC,33,TTC,TTC,TC
86,T,C,HA,3,19,CTT,CTC,L,L,True,T86C,L19L,HA-19,TTC,1,TTT,TTC,TC
86,T,A,HA,3,19,CTT,CTA,L,L,True,T86A,L19L,HA-19,TTC,0,,,TA
89,A,G,HA,3,20,CCA,CCG,P,P,True,A89G,P20P,HA-20,CAG,1,CAG,CAG,AG
89,A,C,HA,3,20,CCA,CCC,P,P,True,A89C,P20P,HA-20,CAG,1,CAG,CAG,AC
89,A,T,HA,3,20,CCA,CCT,P,P,True,A89T,P20P,HA-20,CAG,0,,,AT
92,A,G,HA,3,21,GGA,GGG,G,G,True,A92G,G21G,HA-21,GAA,60,GAA,GAA,AG
92,A,C,HA,3,21,GGA,GGC,G,G,True,A92C,G21G,HA-21,GAA,6,GAA,GAA,AC
92,A,T,HA,3,21,GGA,GGT,G,G,True,A92T,G21G,HA-21,GAA,8,GAA,GAA,AT
95,T,C,HA,3,22,AAT,AAC,N,N,True,T95C,N22N,HA-22,ATG,29,ATG,ATG,TC
98,C,T,HA,3,23,GAC,GAT,D,D,True,C98T,D23D,HA-23,ACA,27,ACA,ACA,CT
98,C,T,HA,3,23,GAC,GAT,D,D,True,C98T,D23D,HA-23,ACA,1,ACG,ACA,CT
101,C,T,HA,3,24,AAC,AAT,N,N,True,C101T,N24N,HA-24,ACA,19,ACA,ACA,CT
101,C,T,HA,3,24,AAC,AAT,N,N,True,C101T,N24N,HA-24,ACA,1,ACG,ACA,CT
104,C,T,HA,3,25,AGC,AGT,S,S,True,C104T,S25S,HA-25,GCA,35,GCA,GCA,CT
107,A,G,HA,3,26,ACA,ACG,T,T,True,A107G,T26T,HA-26,CAG,7,CAG,CAG,AG
107,A,C,HA,3,26,ACA,ACC,T,T,True,A107C,T26T,HA-26,CAG,1,CAG,CAG,AC
107,A,T,HA,3,26,ACA,ACT,T,T,True,A107T,T26T,HA-26,CAG,1,CAG,CAG,AT
110,A,G,HA,3,27,GCA,GCG,A,A,True,A110G,A27A,HA-27,CAA,30,CAA,CAA,AG
110,A,C,HA,3,27,GCA,GCC,A,A,True,A110C,A27A,HA-27,CAA,3,CAA,CAA,AC
110,A,T,HA,3,27,GCA,GCT,A,A,True,A110T,A27A,HA-27,CAA,16,CAA,CAA,AT
113,G,T,HA,3,28,ACG,ACT,T,T,True,G113T,T28T,HA-28,CGC,21,CGC,CGC,GT
113,G,C,HA,3,28,ACG,ACC,T,T,True,G113C,T28T,HA-28,CGC,4,CGC,CGC,GC
113,G,A,HA,3,28,ACG,ACA,T,T,True,G113A,T28T,HA-28,CGC,109,CGC,CGC,GA
113,G,A,HA,3,28,ACG,ACA,T,T,True,G113A,T28T,HA-28,CGC,1,CGT,CGC,GA
114,C,T,HA,1,29,CTG,TTG,L,L,True,C114T,L29L,HA-29,GCT,3,ACT,GCT,CT
114,C,T,HA,1,29,CTG,TTG,L,L,True,C114T,L29L,HA-29,GCT,55,GCT,GCT,CT
116,G,T,HA,3,29,CTG,CTT,L,L,True,G116T,L29L,HA-29,TGT,18,TGT,TGT,GT
116,G,C,HA,3,29,CTG,CTC,L,L,True,G116C,L29L,HA-29,TGT,3,TGT,TGT,GC
116,G,A,HA,3,29,CTG,CTA,L,L,True,G116A,L29L,HA-29,TGT,68,TGT,TGT,GA
119,C,T,HA,3,30,TGC,TGT,C,C,True,C119T,C30C,HA-30,GCC,65,GCC,GCC,CT
120,C,T,HA,1,31,CTG,TTG,L,L,True,C120T,L31L,HA-31,CCT,12,CCT,CCT,CT
122,G,T,HA,3,31,CTG,CTT,L,L,True,G122T,L31L,HA-31,TGG,3,TGG,TGG,GT
122,G,C,HA,3,31,CTG,CTC,L,L,True,G122C,L31L,HA-31,TGG,0,,,GC
122,G,A,HA,3,31,CTG,CTA,L,L,True,G122A,L31L,HA-31,TGG,14,TGG,TGG,GA
125,A,G,HA,3,32,GGA,GGG,G,G,True,A125G,G32G,HA-32,GAC,27,GAC,GAC,AG
125,A,C,HA,3,32,GGA,GGC,G,G,True,A125C,G32G,HA-32,GAC,2,GAC,GAC,AC
125,A,T,HA,3,32,GGA,GGT,G,G,True,A125T,G32G,HA-32,GAC,0,,,AT
128,T,C,HA,3,33,CAT,CAC,H,H,True,T128C,H33H,HA-33,ATC,6,ATC,ATC,TC
131,T,C,HA,3,34,CAT,CAC,H,H,True,T131C,H34H,HA-34,ATG,1,ATT,ATG,TC
131,T,C,HA,3,34,CAT,CAC,H,H,True,T131C,H34H,HA-34,ATG,29,ATG,ATG,TC
134,G,T,HA,3,35,GCG,GCT,A,A,True,G134T,A35A,HA-35,CGG,0,,,GT
134,G,C,HA,3,35,GCG,GCC,A,A,True,G134C,A35A,HA-35,CGG,0,,,GC
134,G,A,HA,3,35,GCG,GCA,A,A,True,G134A,A35A,HA-35,CGG,5,CGG,CGG,GA
137,G,T,HA,3,36,GTG,GTT,V,V,True,G137T,V36V,HA-36,TGC,3,TGC,TGC,GT
137,G,C,HA,3,36,GTG,GTC,V,V,True,G137C,V36V,HA-36,TGC,2,TGC,TGC,GC
137,G,A,HA,3,36,GTG,GTA,V,V,True,G137A,V36V,HA-36,TGC,13,TGC,TGC,GA
140,A,G,HA,3,37,CCA,CCG,P,P,True,A140G,P37P,HA-37,CAA,36,CAA,CAA,AG
140,A,C,HA,3,37,CCA,CCC,P,P,True,A140C,P37P,HA-37,CAA,17,CAA,CAA,AC
140,A,T,HA,3,37,CCA,CCT,P,P,True,A140T,P37P,HA-37,CAA,2,CAA,CAA,AT
143,C,T,HA,3,38,AAC,AAT,N,N,True,C143T,N38N,HA-38,ACG,116,ACG,ACG,CT
146,A,G,HA,3,39,GGA,GGG,G,G,True,A146G,G39G,HA-39,GAA,96,GAA,GAA,AG
146,A,C,HA,3,39,GGA,GGC,G,G,True,A146C,G39G,HA-39,GAA,2,GAA,GAA,AC
146,A,T,HA,3,39,GGA,GGT,G,G,True,A146T,G39G,HA-39,GAA,6,GAA,GAA,AT
149,A,G,HA,3,40,ACA,ACG,T,T,True,A149G,T40T,HA-40,CAC,5,CAA,CAC,AG
149,A,G,HA,3,40,ACA,ACG,T,T,True,A149G,T40T,HA-40,CAC,1,CAC,CAC,AG
149,A,G,HA,3,40,ACA,ACG,T,T,True,A149G,T40T,HA-40,CAC,5,CAT,CAC,AG
149,A,C,HA,3,40,ACA,ACC,T,T,True,A149C,T40T,HA-40,CAC,0,,,AC
149,A,T,HA,3,40,ACA,ACT,T,T,True,A149T,T40T,HA-40,CAC,0,,,AT
150,C,T,HA,1,41,CTA,TTA,L,L,True,C150T,L41L,HA-41,ACT,5,GCT,ACT,CT
152,A,G,HA,3,41,CTA,CTG,L,L,True,A152G,L41L,HA-41,TAG,1,TAG,TAG,AG
152,A,C,HA,3,41,CTA,CTC,L,L,True,A152C,L41L,HA-41,TAG,2,TAG,TAG,AC
152,A,T,HA,3,41,CTA,CTT,L,L,True,A152T,L41L,HA-41,TAG,0,,,AT
155,G,T,HA,3,42,GTG,GTT,V,V,True,G155T,V42V,HA-42,TGA,15,TGA,TGA,GT
155,G,C,HA,3,42,GTG,GTC,V,V,True,G155C,V42V,HA-42,TGA,1,TGA,TGA,GC
155,G,A,HA,3,42,GTG,GTA,V,V,True,G155A,V42V,HA-42,TGA,66,TGA,TGA,GA
158,A,G,HA,3,43,AAA,AAG,K,K,True,A158G,K43K,HA-43,AAA,45,AAA,AAA,AG
161,A,G,HA,3,44,ACA,ACG,T,T,True,A161G,T44T,HA-44,CAA,22,CAA,CAA,AG
161,A,C,HA,3,44,ACA,ACC,T,T,True,A161C,T44T,HA-44,CAA,4,CAA,CAA,AC
161,A,T,HA,3,44,ACA,ACT,T,T,True,A161T,T44T,HA-44,CAA,6,CAA,CAA,AT
164,C,T,HA,3,45,ATC,ATT,I,I,True,C164T,I45I,HA-45,TCA,23,TCA,TCA,CT
164,C,A,HA,3,45,ATC,ATA,I,I,True,C164A,I45I,HA-45,TCA,35,TCA,TCA,CA
167,A,G,HA,3,46,ACA,ACG,T,T,True,A167G,T46T,HA-46,CAG,10,CAA,CAG,AG
167,A,G,HA,3,46,ACA,ACG,T,T,True,A167G,T46T,HA-46,CAG,1,CAG,CAG,AG
167,A,C,HA,3,46,ACA,ACC,T,T,True,A167C,T46T,HA-46,CAG,1,CAA,CAG,AC
167,A,T,HA,3,46,ACA,ACT,T,T,True,A167T,T46T,HA-46,CAG,3,CAG,CAG,AT
167,A,T,HA,3,46,ACA,ACT,T,T,True,A167T,T46T,HA-46,CAG,1,CAA,CAG,AT
170,T,C,HA,3,47,GAT,GAC,D,D,True,T170C,D47D,HA-47,ATG,7,ATG,ATG,TC
173,T,C,HA,3,48,GAT,GAC,D,D,True,T173C,D48D,HA-48,ATC,10,ATC,ATC,TC
176,G,A,HA,3,49,CAG,CAA,Q,Q,True,G176A,Q49Q,HA-49,AGA,6,AGA,AGA,GA
179,T,C,HA,3,50,ATT,ATC,I,I,True,T179C,I50I,HA-50,TTG,22,TTG,TTG,TC
179,T,A,HA,3,50,ATT,ATA,I,I,True,T179A,I50I,HA-50,TTG,7,TTG,TTG,TA
182,A,G,HA,3,51,GAA,GAG,E,E,True,A182G,E51E,HA-51,AAG,53,AAG,AAG,AG
185,T,G,HA,3,52,GTT,GTG,V,V,True,T185G,V52V,HA-52,TTA,13,TTA,TTA,TG
185,T,C,HA,3,52,GTT,GTC,V,V,True,T185C,V52V,HA-52,TTA,68,TTA,TTA,TC
185,T,A,HA,3,52,GTT,GTA,V,V,True,T185A,V52V,HA-52,TTA,7,TTA,TTA,TA
188,T,G,HA,3,53,ACT,ACG,T,T,True,T188G,T53T,HA-53,CTA,3,CTA,CTA,TG
188,T,C,HA,3,53,ACT,ACC,T,T,True,T188C,T53T,HA-53,CTA,80,CTA,CTA,TC
188,T,A,HA,3,53,ACT,ACA,T,T,True,T188A,T53T,HA-53,CTA,7,CTA,CTA,TA
191,T,C,HA,3,54,AAT,AAC,N,N,True,T191C,N54N,HA-54,ATG,30,ATG,ATG,TC
194,T,G,HA,3,55,GCT,GCG,A,A,True,T194G,A55A,HA-55,CTA,6,CTA,CTA,TG
194,T,C,HA,3,55,GCT,GCC,A,A,True,T194C,A55A,HA-55,CTA,66,CTA,CTA,TC
194,T,A,HA,3,55,GCT,GCA,A,A,True,T194A,A55A,HA-55,CTA,4,CTA,CTA,TA
197,T,G,HA,3,56,ACT,ACG,T,T,True,T197G,T56T,HA-56,CTG,13,CTG,CTG,TG
197,T,C,HA,3,56,ACT,ACC,T,T,True,T197C,T56T,HA-56,CTG,32,CTG,CTG,TC
197,T,A,HA,3,56,ACT,ACA,T,T,True,T197A,T56T,HA-56,CTG,12,CTG,CTG,TA
200,G,A,HA,3,57,GAG,GAA,E,E,True,G200A,E57E,HA-57,AGC,114,AGC,AGC,GA
200,G,A,HA,3,57,GAG,GAA,E,E,True,G200A,E57E,HA-57,AGC,70,AGT,AGC,GA
201,C,T,HA,1,58,CTA,TTA,L,L,True,C201T,L58L,HA-58,GCT,1,GCT,GCT,CT
203,A,G,HA,3,58,CTA,CTG,L,L,True,A203G,L58L,HA-58,TAG,1,TAG,TAG,AG
203,A,C,HA,3,58,CTA,CTC,L,L,True,A203C,L58L,HA-58,TAG,1,TAG,TAG,AC
203,A,T,HA,3,58,CTA,CTT,L,L,True,A203T,L58L,HA-58,TAG,0,,,AT
206,T,G,HA,3,59,GTT,GTG,V,V,True,T206G,V59V,HA-59,TTC,10,TTC,TTC,TG
206,T,C,HA,3,59,GTT,GTC,V,V,True,T206C,V59V,HA-59,TTC,71,TTC,TTC,TC
206,T,A,HA,3,59,GTT,GTA,V,V,True,T206A,V59V,HA-59,TTC,12,TTC,TTC,TA
209,G,A,HA,3,60,CAG,CAA,Q,Q,True,G209A,Q60Q,HA-60,AGA,111,AGA,AGA,GA
212,C,T,HA,3,61,AGC,AGT,S,S,True,C212T,S61S,HA-61,GCT,3,GCT,GCT,CT
215,C,T,HA,3,62,TCC,TCT,S,S,True,C215T,S62S,HA-62,CCT,35,CCT,CCT,CT
215,C,T,HA,3,62,TCC,TCT,S,S,True,C215T,S62S,HA-62,CCT,1,CCC,CCT,CT
215,C,G,HA,3,62,TCC,TCG,S,S,True,C215G,S62S,HA-62,CCT,0,,,CG
215,C,A,HA,3,62,TCC,TCA,S,S,True,C215A,S62S,HA-62,CCT,27,CCT,CCT,CA
218,A,G,HA,3,63,TCA,TCG,S,S,True,A218G,S63S,HA-63,CAA,27,CAA,CAA,AG
218,A,C,HA,3,63,TCA,TCC,S,S,True,A218C,S63S,HA-63,CAA,9,CAA,CAA,AC
218,A,C,HA,3,63,TCA,TCC,S,S,True,A218C,S63S,HA-63,CAA,1,CAC,CAA,AC
218,A,T,HA,3,63,TCA,TCT,S,S,True,A218T,S63S,HA-63,CAA,8,CAA,CAA,AT
218,A,T,HA,3,63,TCA,TCT,S,S,True,A218T,S63S,HA-63,CAA,1,CAG,CAA,AT
221,G,T,HA,3,64,ACG,ACT,T,T,True,G221T,T64T,HA-64,CGG,0,,,GT
221,G,C,HA,3,64,ACG,ACC,T,T,True,G221C,T64T,HA-64,CGG,0,,,GC
221,G,A,HA,3,64,ACG,ACA,T,T,True,G221A,T64T,HA-64,CGG,0,,,GA
224,G,T,HA,3,65,GGG,GGT,G,G,True,G224T,G65G,HA-65,GGA,1,GGA,GGA,GT
224,G,C,HA,3,65,GGG,GGC,G,G,True,G224C,G65G,HA-65,GGA,0,,,GC
224,G,A,HA,3,65,GGG,GGA,G,G,True,G224A,G65G,HA-65,GGA,10,GGA,GGA,GA
224,G,A,HA,3,65,GGG,GGA,G,G,True,G224A,G65G,HA-65,GGA,1,GGG,GGA,GA
227,A,G,HA,3,66,AAA,AAG,K,K,True,A227G,K66K,HA-66,AAA,8,AAA,AAA,AG
230,A,C,HA,3,67,ATA,ATC,I,I,True,A230C,I67I,HA-67,TAT,8,TAT,TAT,AC
230,A,T,HA,3,67,ATA,ATT,I,I,True,A230T,I67I,HA-67,TAT,4,TAT,TAT,AT
233,C,T,HA,3,68,TGC,TGT,C,C,True,C233T,C68C,HA-68,GCA,9,GCA,GCA,CT
233,C,T,HA,3,68,TGC,TGT,C,C,True,C233T,C68C,HA-68,GCA,73,GCG,GCA,CT
236,C,T,HA,3,69,AAC,AAT,N,N,True,C236T,N69N,HA-69,ACA,11,ACA,ACA,CT
239,T,C,HA,3,70,AAT,AAC,N,N,True,T239C,N70N,HA-70,ATC,5,ATC,ATC,TC
242,T,G,HA,3,71,CCT,CCG,P,P,True,T242G,P71P,HA-71,CTC,1,CTT,CTC,TG
242,T,G,HA,3,71,CCT,CCG,P,P,True,T242G,P71P,HA-71,CTC,3,CTC,CTC,TG
242,T,C,HA,3,71,CCT,CCC,P,P,True,T242C,P71P,HA-71,CTC,72,CTC,CTC,TC
242,T,C,HA,3,71,CCT,CCC,P,P,True,T242C,P71P,HA-71,CTC,1,CTT,CTC,TC
242,T,A,HA,3,71,CCT,CCA,P,P,True,T242A,P71P,HA-71,CTC,14,CTC,CTC,TA
245,T,C,HA,3,72,CAT,CAC,H,H,True,T245C,H72H,HA-72,ATC,1,ATA,ATC,TC
245,T,C,HA,3,72,CAT,CAC,H,H,True,T245C,H72H,HA-72,ATC,72,ATC,ATC,TC
246,C,A,HA,1,73,CGA,AGA,R,R,True,C246A,R73R,HA-73,TCG,3,CCG,TCG,CA
248,A,G,HA,3,73,CGA,CGG,R,R,True,A248G,R73R,HA-73,GAA,3,GAA,GAA,AG
248,A,C,HA,3,73,CGA,CGC,R,R,True,A248C,R73R,HA-73,GAA,1,GAA,GAA,AC
248,A,T,HA,3,73,CGA,CGT,R,R,True,A248T,R73R,HA-73,GAA,3,GAA,GAA,AT
251,C,T,HA,3,74,ATC,ATT,I,I,True,C251T,I74I,HA-74,TCC,76,TCC,TCC,CT
251,C,A,HA,3,74,ATC,ATA,I,I,True,C251A,I74I,HA-74,TCC,10,TCC,TCC,CA
254,T,G,HA,3,75,CTT,CTG,L,L,True,T254G,L75L,HA-75,TTG,5,TTG,TTG,TG
254,T,C,HA,3,75,CTT,CTC,L,L,True,T254C,L75L,HA-75,TTG,36,TTG,TTG,TC
254,T,A,HA,3,75,CTT,CTA,L,L,True,T254A,L75L,HA-75,TTG,9,TTG,TTG,TA
257,T,C,HA,3,76,GAT,GAC,D,D,True,T257C,D76D,HA-76,ATG,28,ATG,ATG,TC
260,A,G,HA,3,77,GGA,GGG,G,G,True,A260G,G77G,HA-77,GAA,45,GAA,GAA,AG
260,A,G,HA,3,77,GGA,GGG,G,G,True,A260G,G77G,HA-77,GAA,75,GAG,GAA,AG
260,A,C,HA,3,77,GGA,GGC,G,G,True,A260C,G77G,HA-77,GAA,2,GAG,GAA,AC
260,A,T,HA,3,77,GGA,GGT,G,G,True,A260T,G77G,HA-77,GAA,7,GAG,GAA,AT
260,A,T,HA,3,77,GGA,GGT,G,G,True,A260T,G77G,HA-77,GAA,1,GAA,GAA,AT
263,A,C,HA,3,78,ATA,ATC,I,I,True,A263C,I78I,HA-78,TAG,0,,,AC
263,A,T,HA,3,78,ATA,ATT,I,I,True,A263T,I78I,HA-78,TAG,0,,,AT
266,C,T,HA,3,79,GAC,GAT,D,D,True,C266T,D79D,HA-79,ACT,2,ACT,ACT,CT
269,C,T,HA,3,80,TGC,TGT,C,C,True,C269T,C80C,HA-80,GCA,44,GCA,GCA,CT
272,A,G,HA,3,81,ACA,ACG,T,T,True,A272G,T81T,HA-81,CAC,4,CAT,CAC,AG
272,A,G,HA,3,81,ACA,ACG,T,T,True,A272G,T81T,HA-81,CAC,25,CAC,CAC,AG
272,A,C,HA,3,81,ACA,ACC,T,T,True,A272C,T81T,HA-81,CAC,14,CAC,CAC,AC
272,A,T,HA,3,81,ACA,ACT,T,T,True,A272T,T81T,HA-81,CAC,7,CAC,CAC,AT
273,C,T,HA,1,82,CTG,TTG,L,L,True,C273T,L82L,HA-82,ACT,15,ACT,ACT,CT
275,G,T,HA,3,82,CTG,CTT,L,L,True,G275T,L82L,HA-82,TGA,0,,,GT
275,G,C,HA,3,82,CTG,CTC,L,L,True,G275C,L82L,HA-82,TGA,0,,,GC
275,G,A,HA,3,82,CTG,CTA,L,L,True,G275A,L82L,HA-82,TGA,19,TGA,TGA,GA
278,A,C,HA,3,83,ATA,ATC,I,I,True,A278C,I83I,HA-83,TAG,2,TAG,TAG,AC
278,A,T,HA,3,83,ATA,ATT,I,I,True,A278T,I83I,HA-83,TAG,8,TAG,TAG,AT
281,T,C,HA,3,84,GAT,GAC,D,D,True,T281C,D84D,HA-84,ATG,20,ATG,ATG,TC
284,T,G,HA,3,85,GCT,GCG,A,A,True,T284G,A85A,HA-85,CTC,4,CTC,CTC,TG
284,T,C,HA,3,85,GCT,GCC,A,A,True,T284C,A85A,HA-85,CTC,59,CTC,CTC,TC
284,T,A,HA,3,85,GCT,GCA,A,A,True,T284A,A85A,HA-85,CTC,15,CTC,CTC,TA
285,C,T,HA,1,86,CTA,TTA,L,L,True,C285T,L86L,HA-86,TCT,3,CCT,TCT,CT
285,C,T,HA,1,86,CTA,TTA,L,L,True,C285T,L86L,HA-86,TCT,30,TCT,TCT,CT
287,A,G,HA,3,86,CTA,CTG,L,L,True,A287G,L86L,HA-86,TAT,1,TAC,TAT,AG
287,A,G,HA,3,86,CTA,CTG,L,L,True,A287G,L86L,HA-86,TAT,35,TAT,TAT,AG
287,A,C,HA,3,86,CTA,CTC,L,L,True,A287C,L86L,HA-86,TAT,4,TAT,TAT,AC
287,A,T,HA,3,86,CTA,CTT,L,L,True,A287T,L86L,HA-86,TAT,2,TAT,TAT,AT
288,T,C,HA,1,87,TTG,CTG,L,L,True,T288C,L87L,HA-87,ATT,40,ATT,ATT,TC
290,G,A,HA,3,87,TTG,TTA,L,L,True,G290A,L87L,HA-87,TGG,61,TGG,TGG,GA
293,G,T,HA,3,88,GGG,GGT,G,G,True,G293T,G88G,HA-88,GGG,0,,,GT
293,G,C,HA,3,88,GGG,GGC,G,G,True,G293C,G88G,HA-88,GGG,0,,,GC
293,G,A,HA,3,88,GGG,GGA,G,G,True,G293A,G88G,HA-88,GGG,36,GGG,GGG,GA
296,C,T,HA,3,89,GAC,GAT,D,D,True,C296T,D89D,HA-89,ACC,70,ACC,ACC,CT
299,T,G,HA,3,90,CCT,CCG,P,P,True,T299G,P90P,HA-90,CTC,5,CTC,CTC,TG
299,T,C,HA,3,90,CCT,CCC,P,P,True,T299C,P90P,HA-90,CTC,81,CTC,CTC,TC
299,T,A,HA,3,90,CCT,CCA,P,P,True,T299A,P90P,HA-90,CTC,6,CTC,CTC,TA
302,T,C,HA,3,91,CAT,CAC,H,H,True,T302C,H91H,HA-91,ATT,11,ATT,ATT,TC
305,T,C,HA,3,92,TGT,TGC,C,C,True,T305C,C92C,HA-92,GTG,15,GTG,GTG,TC
308,T,C,HA,3,93,GAT,GAC,D,D,True,T308C,D93D,HA-93,ATG,32,ATG,ATG,TC
311,T,G,HA,3,94,GTT,GTG,V,V,True,T311G,V94V,HA-94,TTT,0,,,TG
311,T,C,HA,3,94,GTT,GTC,V,V,True,T311C,V94V,HA-94,TTT,1,TTC,TTT,TC
311,T,C,HA,3,94,GTT,GTC,V,V,True,T311C,V94V,HA-94,TTT,1,TTT,TTT,TC
311,T,A,HA,3,94,GTT,GTA,V,V,True,T311A,V94V,HA-94,TTT,0,,,TA
314,T,C,HA,3,95,TTT,TTC,F,F,True,T314C,F95F,HA-95,TTC,47,TTC,TTC,TC
317,A,G,HA,3,96,CAA,CAG,Q,Q,True,A317G,Q96Q,HA-96,AAA,1,AAG,AAA,AG
317,A,G,HA,3,96,CAA,CAG,Q,Q,True,A317G,Q96Q,HA-96,AAA,39,AAA,AAA,AG
320,T,C,HA,3,97,AAT,AAC,N,N,True,T320C,N97N,HA-97,ATG,79,ATA,ATG,TC
323,G,A,HA,3,98,GAG,GAA,E,E,True,G323A,E98E,HA-98,AGA,0,,,GA
326,A,G,HA,3,99,ACA,ACG,T,T,True,A326G,T99T,HA-99,CAT,4,CAT,CAT,AG
326,A,C,HA,3,99,ACA,ACC,T,T,True,A326C,T99T,HA-99,CAT,0,,,AC
326,A,T,HA,3,99,ACA,ACT,T,T,True,A326T,T99T,HA-99,CAT,0,,,AT
332,C,T,HA,3,101,GAC,GAT,D,D,True,C332T,D101D,HA-101,ACC,59,ACC,ACC,CT
335,T,G,HA,3,102,CTT,CTG,L,L,True,T335G,L102L,HA-102,TTT,5,TTT,TTT,TG
335,T,C,HA,3,102,CTT,CTC,L,L,True,T335C,L102L,HA-102,TTT,36,TTT,TTT,TC
335,T,A,HA,3,102,CTT,CTA,L,L,True,T335A,L102L,HA-102,TTT,1,TTT,TTT,TA
338,C,T,HA,3,103,TTC,TTT,F,F,True,C338T,F103F,HA-103,TCG,2,TCA,TCG,CT
338,C,T,HA,3,103,TTC,TTT,F,F,True,C338T,F103F,HA-103,TCG,5,TCG,TCG,CT
341,T,G,HA,3,104,GTT,GTG,V,V,True,T341G,V104V,HA-104,TTG,1,TTG,TTG,TG
341,T,C,HA,3,104,GTT,GTC,V,V,True,T341C,V104V,HA-104,TTG,35,TTG,TTG,TC
341,T,A,HA,3,104,GTT,GTA,V,V,True,T341A,V104V,HA-104,TTG,9,TTG,TTG,TA
344,A,G,HA,3,105,GAA,GAG,E,E,True,A344G,E105E,HA-105,AAC,56,AAC,AAC,AG
344,A,G,HA,3,105,GAA,GAG,E,E,True,A344G,E105E,HA-105,AAC,4,AAA,AAC,AG
347,C,T,HA,3,106,CGC,CGT,R,R,True,C347T,R106R,HA-106,GCA,5,GCA,GCA,CT
347,C,G,HA,3,106,CGC,CGG,R,R,True,C347G,R106R,HA-106,GCA,1,GCA,GCA,CG
347,C,A,HA,3,106,CGC,CGA,R,R,True,C347A,R106R,HA-106,GCA,15,GCA,GCA,CA
350,C,T,HA,3,107,AGC,AGT,S,S,True,C350T,S107S,HA-107,GCA,46,GCA,GCA,CT
353,A,G,HA,3,108,AAA,AAG,K,K,True,A353G,K108K,HA-108,AAG,18,AAG,AAG,AG
356,T,G,HA,3,109,GCT,GCG,A,A,True,T356G,A109A,HA-109,CTT,0,,,TG
356,T,C,HA,3,109,GCT,GCC,A,A,True,T356C,A109A,HA-109,CTT,9,CTT,CTT,TC
356,T,A,HA,3,109,GCT,GCA,A,A,True,T356A,A109A,HA-109,CTT,0,,,TA
359,C,T,HA,3,110,TTC,TTT,F,F,True,C359T,F110F,HA-110,TCA,2,TCA,TCA,CT
362,C,T,HA,3,111,AGC,AGT,S,S,True,C362T,S111S,HA-111,GCA,44,GCA,GCA,CT
362,C,T,HA,3,111,AGC,AGT,S,S,True,C362T,S111S,HA-111,GCA,2,GCG,GCA,CT
365,C,T,HA,3,112,AAC,AAT,N,N,True,C365T,N112N,HA-112,ACT,48,ACT,ACT,CT
368,T,C,HA,3,113,TGT,TGC,C,C,True,T368C,C113C,HA-113,GTT,44,GTT,GTT,TC
371,C,T,HA,3,114,TAC,TAT,Y,Y,True,C371T,Y114Y,HA-114,ACC,65,ACC,ACC,CT
374,T,G,HA,3,115,CCT,CCG,P,P,True,T374G,P115P,HA-115,CTT,7,CTT,CTT,TG
374,T,C,HA,3,115,CCT,CCC,P,P,True,T374C,P115P,HA-115,CTT,66,CTT,CTT,TC
374,T,A,HA,3,115,CCT,CCA,P,P,True,T374A,P115P,HA-115,CTT,11,CTT,CTT,TA
377,T,C,HA,3,116,TAT,TAC,Y,Y,True,T377C,Y116Y,HA-116,ATG,30,ATG,ATG,TC
377,T,C,HA,3,116,TAT,TAC,Y,Y,True,T377C,Y116Y,HA-116,ATG,6,ATT,ATG,TC
380,T,C,HA,3,117,GAT,GAC,D,D,True,T380C,D117D,HA-117,ATG,34,ATG,ATG,TC
383,G,T,HA,3,118,GTG,GTT,V,V,True,G383T,V118V,HA-118,TGC,20,TGC,TGC,GT
383,G,C,HA,3,118,GTG,GTC,V,V,True,G383C,V118V,HA-118,TGC,2,TGC,TGC,GC
383,G,A,HA,3,118,GTG,GTA,V,V,True,G383A,V118V,HA-118,TGC,113,TGC,TGC,GA
386,A,G,HA,3,119,CCA,CCG,P,P,True,A386G,P119P,HA-119,CAG,6,CAG,CAG,AG
386,A,C,HA,3,119,CCA,CCC,P,P,True,A386C,P119P,HA-119,CAG,0,,,AC
386,A,T,HA,3,119,CCA,CCT,P,P,True,A386T,P119P,HA-119,CAG,3,CAG,CAG,AT
389,T,C,HA,3,120,GAT,GAC,D,D,True,T389C,D120D,HA-120,ATT,35,ATT,ATT,TC
392,T,C,HA,3,121,TAT,TAC,Y,Y,True,T392C,Y121Y,HA-121,ATG,33,ATG,ATG,TC
395,C,T,HA,3,122,GCC,GCT,A,A,True,C395T,A122A,HA-122,CCT,53,CCT,CCT,CT
395,C,T,HA,3,122,GCC,GCT,A,A,True,C395T,A122A,HA-122,CCT,5,CCA,CCT,CT
395,C,G,HA,3,122,GCC,GCG,A,A,True,C395G,A122A,HA-122,CCT,0,,,CG
395,C,A,HA,3,122,GCC,GCA,A,A,True,C395A,A122A,HA-122,CCT,34,CCT,CCT,CA
398,C,T,HA,3,123,TCC,TCT,S,S,True,C398T,S123S,HA-123,CCC,51,CCC,CCC,CT
398,C,G,HA,3,123,TCC,TCG,S,S,True,C398G,S123S,HA-123,CCC,1,CCC,CCC,CG
398,C,A,HA,3,123,TCC,TCA,S,S,True,C398A,S123S,HA-123,CCC,16,CCC,CCC,CA
401,T,G,HA,3,124,CTT,CTG,L,L,True,T401G,L124L,HA-124,TTA,6,TTA,TTA,TG
401,T,C,HA,3,124,CTT,CTC,L,L,True,T401C,L124L,HA-124,TTA,2,TTC,TTA,TC
401,T,C,HA,3,124,CTT,CTC,L,L,True,T401C,L124L,HA-124,TTA,37,TTA,TTA,TC
401,T,A,HA,3,124,CTT,CTA,L,L,True,T401A,L124L,HA-124,TTA,6,TTA,TTA,TA
402,A,C,HA,1,125,AGG,CGG,R,R,True,A402C,R125R,HA-125,TAG,7,TAG,TAG,AC
404,G,A,HA,3,125,AGG,AGA,R,R,True,G404A,R125R,HA-125,GGT,132,GGT,GGT,GA
407,A,G,HA,3,126,TCA,TCG,S,S,True,A407G,S126S,HA-126,CAC,19,CAC,CAC,AG
407,A,C,HA,3,126,TCA,TCC,S,S,True,A407C,S126S,HA-126,CAC,9,CAC,CAC,AC
407,A,T,HA,3,126,TCA,TCT,S,S,True,A407T,S126S,HA-126,CAC,8,CAC,CAC,AT
408,C,T,HA,1,127,CTA,TTA,L,L,True,C408T,L127L,HA-127,ACT,2,CCT,ACT,CT
408,C,T,HA,1,127,CTA,TTA,L,L,True,C408T,L127L,HA-127,ACT,44,ACT,ACT,CT
410,A,G,HA,3,127,CTA,CTG,L,L,True,A410G,L127L,HA-127,TAG,2,TAA,TAG,AG
410,A,G,HA,3,127,CTA,CTG,L,L,True,A410G,L127L,HA-127,TAG,35,TAG,TAG,AG
410,A,C,HA,3,127,CTA,CTC,L,L,True,A410C,L127L,HA-127,TAG,2,TAG,TAG,AC
410,A,T,HA,3,127,CTA,CTT,L,L,True,A410T,L127L,HA-127,TAG,1,TAG,TAG,AT
413,T,G,HA,3,128,GTT,GTG,V,V,True,T413G,V128V,HA-128,TTG,6,TTG,TTG,TG
413,T,C,HA,3,128,GTT,GTC,V,V,True,T413C,V128V,HA-128,TTG,16,TTG,TTG,TC
413,T,A,HA,3,128,GTT,GTA,V,V,True,T413A,V128V,HA-128,TTG,9,TTG,TTG,TA
416,C,T,HA,3,129,GCC,GCT,A,A,True,C416T,A129A,HA-129,CCT,52,CCT,CCT,CT
416,C,G,HA,3,129,GCC,GCG,A,A,True,C416G,A129A,HA-129,CCT,0,,,CG
416,C,A,HA,3,129,GCC,GCA,A,A,True,C416A,A129A,HA-129,CCT,41,CCT,CCT,CA
419,G,T,HA,3,130,TCG,TCT,S,S,True,G419T,S130S,HA-130,CGT,1,CGT,CGT,GT
419,G,C,HA,3,130,TCG,TCC,S,S,True,G419C,S130S,HA-130,CGT,0,,,GC
419,G,A,HA,3,130,TCG,TCA,S,S,True,G419A,S130S,HA-130,CGT,4,CGT,CGT,GA
422,A,G,HA,3,131,TCA,TCG,S,S,True,A422G,S131S,HA-131,CAG,7,CAG,CAG,AG
422,A,C,HA,3,131,TCA,TCC,S,S,True,A422C,S131S,HA-131,CAG,3,CAG,CAG,AC
422,A,T,HA,3,131,TCA,TCT,S,S,True,A422T,S131S,HA-131,CAG,0,,,AT
425,C,T,HA,3,132,GGC,GGT,G,G,True,C425T,G132G,HA-132,GCA,28,GCA,GCA,CT
425,C,G,HA,3,132,GGC,GGG,G,G,True,C425G,G132G,HA-132,GCA,1,GCA,GCA,CG
425,C,A,HA,3,132,GGC,GGA,G,G,True,C425A,G132G,HA-132,GCA,57,GCA,GCA,CA
428,C,T,HA,3,133,ACC,ACT,T,T,True,C428T,T133T,HA-133,CCC,3,CAC,CCC,CT
428,C,T,HA,3,133,ACC,ACT,T,T,True,C428T,T133T,HA-133,CCC,7,CCC,CCC,CT
428,C,G,HA,3,133,ACC,ACG,T,T,True,C428G,T133T,HA-133,CCC,0,,,CG
428,C,A,HA,3,133,ACC,ACA,T,T,True,C428A,T133T,HA-133,CCC,1,CAC,CCC,CA
428,C,A,HA,3,133,ACC,ACA,T,T,True,C428A,T133T,HA-133,CCC,3,CCC,CCC,CA
429,C,T,HA,1,134,CTG,TTG,L,L,True,C429T,L134L,HA-134,CCT,59,CCT,CCT,CT
431,G,T,HA,3,134,CTG,CTT,L,L,True,G431T,L134L,HA-134,TGG,12,TGG,TGG,GT
431,G,C,HA,3,134,CTG,CTC,L,L,True,G431C,L134L,HA-134,TGG,0,,,GC
431,G,A,HA,3,134,CTG,CTA,L,L,True,G431A,L134L,HA-134,TGG,66,TGG,TGG,GA
431,G,A,HA,3,134,CTG,CTA,L,L,True,G431A,L134L,HA-134,TGG,3,TGA,TGG,GA
434,G,A,HA,3,135,GAG,GAA,E,E,True,G434A,E135E,HA-135,AGT,113,AGT,AGT,GA
437,T,C,HA,3,136,TTT,TTC,F,F,True,T437C,F136F,HA-136,TTA,78,TTA,TTA,TC
440,C,T,HA,3,137,ACC,ACT,T,T,True,C440T,T137T,HA-137,CCA,1,CCA,CCA,CT
440,C,T,HA,3,137,ACC,ACT,T,T,True,C440T,T137T,HA-137,CCA,6,CCC,CCA,CT
440,C,G,HA,3,137,ACC,ACG,T,T,True,C440G,T137T,HA-137,CCA,0,,,CG
440,C,A,HA,3,137,ACC,ACA,T,T,True,C440A,T137T,HA-137,CCA,1,CCA,CCA,CA
440,C,A,HA,3,137,ACC,ACA,T,T,True,C440A,T137T,HA-137,CCA,2,CCC,CCA,CA
443,T,G,HA,3,138,ACT,ACG,T,T,True,T443G,T138T,HA-138,CTG,0,,,TG
443,T,C,HA,3,138,ACT,ACC,T,T,True,T443C,T138T,HA-138,CTG,1,CTG,CTG,TC
443,T,A,HA,3,138,ACT,ACA,T,T,True,T443A,T138T,HA-138,CTG,2,CTG,CTG,TA
446,G,A,HA,3,139,GAG,GAA,E,E,True,G446A,E139E,HA-139,AGG,2,AGG,AGG,GA
446,G,A,HA,3,139,GAG,GAA,E,E,True,G446A,E139E,HA-139,AGG,2,AGA,AGG,GA
449,T,G,HA,3,140,GGT,GGG,G,G,True,T449G,G140G,HA-140,GTT,0,,,TG
449,T,C,HA,3,140,GGT,GGC,G,G,True,T449C,G140G,HA-140,GTT,4,GTT,GTT,TC
449,T,A,HA,3,140,GGT,GGA,G,G,True,T449A,G140G,HA-140,GTT,0,,,TA
452,C,T,HA,3,141,TTC,TTT,F,F,True,C452T,F141F,HA-141,TCA,19,TCA,TCA,CT
452,C,T,HA,3,141,TTC,TTT,F,F,True,C452T,F141F,HA-141,TCA,1,TCG,TCA,CT
455,T,G,HA,3,142,ACT,ACG,T,T,True,T455G,T142T,HA-142,CTT,0,,,TG
455,T,C,HA,3,142,ACT,ACC,T,T,True,T455C,T142T,HA-142,CTT,2,CTT,CTT,TC
455,T,A,HA,3,142,ACT,ACA,T,T,True,T455A,T142T,HA-142,CTT,1,CTT,CTT,TA
461,T,G,HA,3,144,ACT,ACG,T,T,True,T461G,T144T,HA-144,CTG,7,CTG,CTG,TG
461,T,C,HA,3,144,ACT,ACC,T,T,True,T461C,T144T,HA-144,CTG,19,CTG,CTG,TC
461,T,A,HA,3,144,ACT,ACA,T,T,True,T461A,T144T,HA-144,CTG,12,CTG,CTG,TA
464,G,T,HA,3,145,GGG,GGT,G,G,True,G464T,G145G,HA-145,GGG,0,,,GT
464,G,C,HA,3,145,GGG,GGC,G,G,True,G464C,G145G,HA-145,GGG,0,,,GC
464,G,A,HA,3,145,GGG,GGA,G,G,True,G464A,G145G,HA-145,GGG,4,GGG,GGG,GA
467,C,T,HA,3,146,GTC,GTT,V,V,True,C467T,V146V,HA-146,TCA,29,TCA,TCA,CT
467,C,T,HA,3,146,GTC,GTT,V,V,True,C467T,V146V,HA-146,TCA,11,TCG,TCA,CT
467,C,G,HA,3,146,GTC,GTG,V,V,True,C467G,V146V,HA-146,TCA,0,,,CG
467,C,A,HA,3,146,GTC,GTA,V,V,True,C467A,V146V,HA-146,TCA,18,TCA,TCA,CA
467,C,A,HA,3,146,GTC,GTA,V,V,True,C467A,V146V,HA-146,TCA,4,TCG,TCA,CA
470,T,G,HA,3,147,ACT,ACG,T,T,True,T470G,T147T,HA-147,CTC,1,CTC,CTC,TG
470,T,C,HA,3,147,ACT,ACC,T,T,True,T470C,T147T,HA-147,CTC,55,CTC,CTC,TC
470,T,A,HA,3,147,ACT,ACA,T,T,True,T470A,T147T,HA-147,CTC,5,CTC,CTC,TA
473,G,A,HA,3,148,CAG,CAA,Q,Q,True,G473A,Q148Q,HA-148,AGA,13,AGA,AGA,GA
473,G,A,HA,3,148,CAG,CAA,Q,Q,True,G473A,Q148Q,HA-148,AGA,2,AGG,AGA,GA
476,T,C,HA,3,149,AAT,AAC,N,N,True,T476C,N149N,HA-149,ATG,17,ATG,ATG,TC
479,G,T,HA,3,150,GGG,GGT,G,G,True,G479T,G150G,HA-150,GGG,0,,,GT
479,G,C,HA,3,150,GGG,GGC,G,G,True,G479C,G150G,HA-150,GGG,0,,,GC
479,G,A,HA,3,150,GGG,GGA,G,G,True,G479A,G150G,HA-150,GGG,3,GGG,GGG,GA
479,G,A,HA,3,150,GGG,GGA,G,G,True,G479A,G150G,HA-150,GGG,2,GGA,GGG,GA
482,A,G,HA,3,151,GGA,GGG,G,G,True,A482G,G151G,HA-151,GAA,2,GAA,GAA,AG
482,A,C,HA,3,151,GGA,GGC,G,G,True,A482C,G151G,HA-151,GAA,0,,,AC
482,A,T,HA,3,151,GGA,GGT,G,G,True,A482T,G151G,HA-151,GAA,0,,,AT
485,C,T,HA,3,152,AGC,AGT,S,S,True,C485T,S152S,HA-152,GCA,2,GCG,GCA,CT
485,C,T,HA,3,152,AGC,AGT,S,S,True,C485T,S152S,HA-152,GCA,2,GCA,GCA,CT
485,C,T,HA,3,152,AGC,AGT,S,S,True,C485T,S152S,HA-152,GCA,29,GCT,GCA,CT
488,T,C,HA,3,153,AAT,AAC,N,N,True,T488C,N153N,HA-153,ATG,0,,,TC
491,T,G,HA,3,154,GCT,GCG,A,A,True,T491G,A154A,HA-154,CTT,6,CTT,CTT,TG
491,T,C,HA,3,154,GCT,GCC,A,A,True,T491C,A154A,HA-154,CTT,30,CTT,CTT,TC
491,T,A,HA,3,154,GCT,GCA,A,A,True,T491A,A154A,HA-154,CTT,5,CTT,CTT,TA
494,C,T,HA,3,155,TGC,TGT,C,C,True,C494T,C155C,HA-155,GCA,40,GCA,GCA,CT
497,A,G,HA,3,156,AAA,AAG,K,K,True,A497G,K156K,HA-156,AAA,10,AAA,AAA,AG
498,A,C,HA,1,157,AGG,CGG,R,R,True,A498C,R157R,HA-157,AAG,5,AAG,AAG,AC
500,G,A,HA,3,157,AGG,AGA,R,R,True,G500A,R157R,HA-157,GGG,52,GGG,GGG,GA
500,G,A,HA,3,157,AGG,AGA,R,R,True,G500A,R157R,HA-157,GGG,66,GGA,GGG,GA
503,A,G,HA,3,158,GGA,GGG,G,G,True,A503G,G158G,HA-158,GAC,32,GAT,GAC,AG
503,A,C,HA,3,158,GGA,GGC,G,G,True,A503C,G158G,HA-158,GAC,1,GAC,GAC,AC
503,A,C,HA,3,158,GGA,GGC,G,G,True,A503C,G158G,HA-158,GAC,3,GAT,GAC,AC
503,A,T,HA,3,158,GGA,GGT,G,G,True,A503T,G158G,HA-158,GAC,4,GAT,GAC,AT
506,T,G,HA,3,159,CCT,CCG,P,P,True,T506G,P159P,HA-159,CTG,0,,,TG
506,T,C,HA,3,159,CCT,CCC,P,P,True,T506C,P159P,HA-159,CTG,2,CTG,CTG,TC
506,T,C,HA,3,159,CCT,CCC,P,P,True,T506C,P159P,HA-159,CTG,2,CTA,CTG,TC
506,T,A,HA,3,159,CCT,CCA,P,P,True,T506A,P159P,HA-159,CTG,2,CTG,CTG,TA
506,T,A,HA,3,159,CCT,CCA,P,P,True,T506A,P159P,HA-159,CTG,1,CTA,CTG,TA
509,T,G,HA,3,160,GGT,GGG,G,G,True,T509G,G160G,HA-160,GTA,0,,,TG
509,T,C,HA,3,160,GGT,GGC,G,G,True,T509C,G160G,HA-160,GTA,0,,,TC
509,T,A,HA,3,160,GGT,GGA,G,G,True,T509A,G160G,HA-160,GTA,0,,,TA
512,C,T,HA,3,161,AGC,AGT,S,S,True,C512T,S161S,HA-161,GCG,4,GCG,GCG,CT
515,T,G,HA,3,162,GGT,GGG,G,G,True,T515G,G162G,HA-162,GTT,0,,,TG
515,T,C,HA,3,162,GGT,GGC,G,G,True,T515C,G162G,HA-162,GTT,4,GTT,GTT,TC
515,T,A,HA,3,162,GGT,GGA,G,G,True,T515A,G162G,HA-162,GTT,0,,,TA
518,T,C,HA,3,163,TTT,TTC,F,F,True,T518C,F163F,HA-163,TTT,18,TTT,TTT,TC
521,C,T,HA,3,164,TTC,TTT,F,F,True,C521T,F164F,HA-164,TCA,3,TCA,TCA,CT
524,T,C,HA,3,165,AGT,AGC,S,S,True,T524C,S165S,HA-165,GTA,49,GTA,GTA,TC
525,A,C,HA,1,166,AGA,CGA,R,R,True,A525C,R166R,HA-166,TAG,3,TAG,TAG,AC
527,A,G,HA,3,166,AGA,AGG,R,R,True,A527G,R166R,HA-166,GAC,69,GAT,GAC,AG
527,A,G,HA,3,166,AGA,AGG,R,R,True,A527G,R166R,HA-166,GAC,3,GAC,GAC,AG
528,C,T,HA,1,167,CTG,TTG,L,L,True,C528T,L167L,HA-167,ACT,2,ACT,ACT,CT
528,C,T,HA,1,167,CTG,TTG,L,L,True,C528T,L167L,HA-167,ACT,3,GCT,ACT,CT
530,G,T,HA,3,167,CTG,CTT,L,L,True,G530T,L167L,HA-167,TGA,1,TGA,TGA,GT
530,G,C,HA,3,167,CTG,CTC,L,L,True,G530C,L167L,HA-167,TGA,0,,,GC
530,G,A,HA,3,167,CTG,CTA,L,L,True,G530A,L167L,HA-167,TGA,4,TGA,TGA,GA
533,C,T,HA,3,168,AAC,AAT,N,N,True,C533T,N168N,HA-168,ACT,7,ACT,ACT,CT
537,T,C,HA,1,170,TTG,CTG,L,L,True,T537C,L170L,HA-170,GTT,47,GTT,GTT,TC
539,G,A,HA,3,170,TTG,TTA,L,L,True,G539A,L170L,HA-170,TGA,81,TGA,TGA,GA
539,G,A,HA,3,170,TTG,TTA,L,L,True,G539A,L170L,HA-170,TGA,11,TGT,TGA,GA
542,C,T,HA,3,171,ACC,ACT,T,T,True,C542T,T171T,HA-171,CCA,27,CCC,CCA,CT
542,C,T,HA,3,171,ACC,ACT,T,T,True,C542T,T171T,HA-171,CCA,4,CCA,CCA,CT
542,C,G,HA,3,171,ACC,ACG,T,T,True,C542G,T171T,HA-171,CCA,0,,,CG
542,C,A,HA,3,171,ACC,ACA,T,T,True,C542A,T171T,HA-171,CCA,3,CCC,CCA,CA
542,C,A,HA,3,171,ACC,ACA,T,T,True,C542A,T171T,HA-171,CCA,2,CCA,CCA,CA
545,A,G,HA,3,172,AAA,AAG,K,K,True,A545G,K172K,HA-172,AAT,3,AAT,AAT,AG
548,A,G,HA,3,173,TCA,TCG,S,S,True,A548G,S173S,HA-173,CAG,1,CAA,CAG,AG
548,A,G,HA,3,173,TCA,TCG,S,S,True,A548G,S173S,HA-173,CAG,1,CAG,CAG,AG
548,A,C,HA,3,173,TCA,TCC,S,S,True,A548C,S173S,HA-173,CAG,1,CAG,CAG,AC
548,A,T,HA,3,173,TCA,TCT,S,S,True,A548T,S173S,HA-173,CAG,2,CAG,CAG,AT
551,A,G,HA,3,174,GGA,GGG,G,G,True,A551G,G174G,HA-174,GAA,3,GAA,GAA,AG
551,A,G,HA,3,174,GGA,GGG,G,G,True,A551G,G174G,HA-174,GAA,1,GAT,GAA,AG
551,A,C,HA,3,174,GGA,GGC,G,G,True,A551C,G174G,HA-174,GAA,0,,,AC
551,A,T,HA,3,174,GGA,GGT,G,G,True,A551T,G174G,HA-174,GAA,1,GAA,GAA,AT
554,C,T,HA,3,175,AAC,AAT,N,N,True,C554T,N175N,HA-175,ACA,9,ACA,ACA,CT
557,A,G,HA,3,176,ACA,ACG,T,T,True,A557G,T176T,HA-176,CAT,8,CAT,CAT,AG
557,A,C,HA,3,176,ACA,ACC,T,T,True,A557C,T176T,HA-176,CAT,0,,,AC
557,A,T,HA,3,176,ACA,ACT,T,T,True,A557T,T176T,HA-176,CAT,3,CAT,CAT,AT
560,T,C,HA,3,177,TAT,TAC,Y,Y,True,T560C,Y177Y,HA-177,ATC,60,ATC,ATC,TC
563,A,G,HA,3,178,CCA,CCG,P,P,True,A563G,P178P,HA-178,CAG,2,CAT,CAG,AG
563,A,G,HA,3,178,CCA,CCG,P,P,True,A563G,P178P,HA-178,CAG,31,CAG,CAG,AG
563,A,C,HA,3,178,CCA,CCC,P,P,True,A563C,P178P,HA-178,CAG,11,CAG,CAG,AC
563,A,T,HA,3,178,CCA,CCT,P,P,True,A563T,P178P,HA-178,CAG,11,CAG,CAG,AT
566,G,T,HA,3,179,GTG,GTT,V,V,True,G566T,V179V,HA-179,TGC,0,,,GT
566,G,C,HA,3,179,GTG,GTC,V,V,True,G566C,V179V,HA-179,TGC,0,,,GC
566,G,A,HA,3,179,GTG,GTA,V,V,True,G566A,V179V,HA-179,TGC,3,TGT,TGC,GA
567,C,T,HA,1,180,CTG,TTG,L,L,True,C567T,L180L,HA-180,GCT,1,GCT,GCT,CT
567,C,T,HA,1,180,CTG,TTG,L,L,True,C567T,L180L,HA-180,GCT,15,ACT,GCT,CT
569,G,T,HA,3,180,CTG,CTT,L,L,True,G569T,L180L,HA-180,TGA,1,TGA,TGA,GT
569,G,C,HA,3,180,CTG,CTC,L,L,True,G569C,L180L,HA-180,TGA,0,,,GC
569,G,A,HA,3,180,CTG,CTA,L,L,True,G569A,L180L,HA-180,TGA,13,TGA,TGA,GA
572,C,T,HA,3,181,AAC,AAT,N,N,True,C572T,N181N,HA-181,ACG,151,ACG,ACG,CT
575,G,T,HA,3,182,GTG,GTT,V,V,True,G575T,V182V,HA-182,TGA,26,TGA,TGA,GT
575,G,C,HA,3,182,GTG,GTC,V,V,True,G575C,V182V,HA-182,TGA,1,TGA,TGA,GC
575,G,A,HA,3,182,GTG,GTA,V,V,True,G575A,V182V,HA-182,TGA,98,TGA,TGA,GA
575,G,A,HA,3,182,GTG,GTA,V,V,True,G575A,V182V,HA-182,TGA,2,TGG,TGA,GA
578,T,G,HA,3,183,ACT,ACG,T,T,True,T578G,T183T,HA-183,CTA,7,CTA,CTA,TG
578,T,C,HA,3,183,ACT,ACC,T,T,True,T578C,T183T,HA-183,CTA,124,CTA,CTA,TC
578,T,A,HA,3,183,ACT,ACA,T,T,True,T578A,T183T,HA-183,CTA,8,CTA,CTA,TA
584,A,G,HA,3,185,CCA,CCG,P,P,True,A584G,P185P,HA-185,CAA,29,CAA,CAA,AG
584,A,C,HA,3,185,CCA,CCC,P,P,True,A584C,P185P,HA-185,CAA,15,CAA,CAA,AC
584,A,T,HA,3,185,CCA,CCT,P,P,True,A584T,P185P,HA-185,CAA,10,CAA,CAA,AT
587,C,T,HA,3,186,AAC,AAT,N,N,True,C587T,N186N,HA-186,ACA,31,ACA,ACA,CT
590,T,C,HA,3,187,AAT,AAC,N,N,True,T590C,N187N,HA-187,ATG,24,ATG,ATG,TC
593,C,T,HA,3,188,GAC,GAT,D,D,True,C593T,D188D,HA-188,ACA,9,ACA,ACA,CT
593,C,T,HA,3,188,GAC,GAT,D,D,True,C593T,D188D,HA-188,ACA,1,ACG,ACA,CT
596,T,C,HA,3,189,AAT,AAC,N,N,True,T596C,N189N,HA-189,ATT,4,ATT,ATT,TC
599,T,C,HA,3,190,TTT,TTC,F,F,True,T599C,F190F,HA-190,TTG,36,TTG,TTG,TC
602,C,T,HA,3,191,GAC,GAT,D,D,True,C602T,D191D,HA-191,ACA,30,ACA,ACA,CT
605,A,G,HA,3,192,AAA,AAG,K,K,True,A605G,K192K,HA-192,AAC,1,AAC,AAC,AG
605,A,G,HA,3,192,AAA,AAG,K,K,True,A605G,K192K,HA-192,AAC,41,AAT,AAC,AG
606,C,T,HA,1,193,CTA,TTA,L,L,True,C606T,L193L,HA-193,ACT,2,ACT,ACT,CT
608,A,G,HA,3,193,CTA,CTG,L,L,True,A608G,L193L,HA-193,TAT,2,TAT,TAT,AG
608,A,C,HA,3,193,CTA,CTC,L,L,True,A608C,L193L,HA-193,TAT,0,,,AC
608,A,T,HA,3,193,CTA,CTT,L,L,True,A608T,L193L,HA-193,TAT,0,,,AT
611,C,T,HA,3,194,TAC,TAT,Y,Y,True,C611T,Y194Y,HA-194,ACA,23,ACA,ACA,CT
611,C,T,HA,3,194,TAC,TAT,Y,Y,True,C611T,Y194Y,HA-194,ACA,4,ACG,ACA,CT
614,T,C,HA,3,195,ATT,ATC,I,I,True,T614C,I195I,HA-195,TTT,57,TTT,TTT,TC
614,T,A,HA,3,195,ATT,ATA,I,I,True,T614A,I195I,HA-195,TTT,7,TTT,TTT,TA
620,G,T,HA,3,197,GGG,GGT,G,G,True,G620T,G197G,HA-197,GGG,9,GGG,GGG,GT
620,G,C,HA,3,197,GGG,GGC,G,G,True,G620C,G197G,HA-197,GGG,0,,,GC
620,G,A,HA,3,197,GGG,GGA,G,G,True,G620A,G197G,HA-197,GGG,87,GGG,GGG,GA
620,G,A,HA,3,197,GGG,GGA,G,G,True,G620A,G197G,HA-197,GGG,1,GGA,GGG,GA
623,T,G,HA,3,198,GTT,GTG,V,V,True,T623G,V198V,HA-198,TTC,0,,,TG
623,T,C,HA,3,198,GTT,GTC,V,V,True,T623C,V198V,HA-198,TTC,94,TTC,TTC,TC
623,T,A,HA,3,198,GTT,GTA,V,V,True,T623A,V198V,HA-198,TTC,5,TTC,TTC,TA
626,C,T,HA,3,199,CAC,CAT,H,H,True,C626T,H199H,HA-199,ACC,97,ACC,ACC,CT
629,C,T,HA,3,200,CAC,CAT,H,H,True,C629T,H200H,HA-200,ACC,95,ACC,ACC,CT
632,G,T,HA,3,201,CCG,CCT,P,P,True,G632T,P201P,HA-201,CGA,4,CGA,CGA,GT
632,G,T,HA,3,201,CCG,CCT,P,P,True,G632T,P201P,HA-201,CGA,29,CGG,CGA,GT
632,G,C,HA,3,201,CCG,CCC,P,P,True,G632C,P201P,HA-201,CGA,2,CGA,CGA,GC
632,G,C,HA,3,201,CCG,CCC,P,P,True,G632C,P201P,HA-201,CGA,3,CGG,CGA,GC
632,G,A,HA,3,201,CCG,CCA,P,P,True,G632A,P201P,HA-201,CGA,12,CGA,CGA,GA
632,G,A,HA,3,201,CCG,CCA,P,P,True,G632A,P201P,HA-201,CGA,118,CGG,CGA,GA
635,C,T,HA,3,202,AGC,AGT,S,S,True,C635T,S202S,HA-202,GCA,3,GCA,GCA,CT
638,G,T,HA,3,203,ACG,ACT,T,T,True,G638T,T203T,HA-203,CGA,46,CGG,CGA,GT
638,G,C,HA,3,203,ACG,ACC,T,T,True,G638C,T203T,HA-203,CGA,1,CGG,CGA,GC
638,G,A,HA,3,203,ACG,ACA,T,T,True,G638A,T203T,HA-203,CGA,2,CGA,CGA,GA
638,G,A,HA,3,203,ACG,ACA,T,T,True,G638A,T203T,HA-203,CGA,170,CGG,CGA,GA
641,C,T,HA,3,204,AAC,AAT,N,N,True,C641T,N204N,HA-204,ACC,3,ACC,ACC,CT
641,C,T,HA,3,204,AAC,AAT,N,N,True,C641T,N204N,HA-204,ACC,1,ACA,ACC,CT
644,A,G,HA,3,205,CAA,CAG,Q,Q,True,A644G,Q205Q,HA-205,AAG,5,AAG,AAG,AG
647,A,G,HA,3,206,GAA,GAG,E,E,True,A647G,E206E,HA-206,AAC,1,AAC,AAC,AG
650,A,G,HA,3,207,CAA,CAG,Q,Q,True,A650G,Q207Q,HA-207,AAA,28,AAA,AAA,AG
650,A,G,HA,3,207,CAA,CAG,Q,Q,True,A650G,Q207Q,HA-207,AAA,2,AAT,AAA,AG
653,C,T,HA,3,208,ACC,ACT,T,T,True,C653T,T208T,HA-208,CCA,6,CCA,CCA,CT
653,C,T,HA,3,208,ACC,ACT,T,T,True,C653T,T208T,HA-208,CCA,2,CCT,CCA,CT
653,C,G,HA,3,208,ACC,ACG,T,T,True,C653G,T208T,HA-208,CCA,0,,,CG
653,C,A,HA,3,208,ACC,ACA,T,T,True,C653A,T208T,HA-208,CCA,7,CCA,CCA,CA
653,C,A,HA,3,208,ACC,ACA,T,T,True,C653A,T208T,HA-208,CCA,1,CCT,CCA,CA
656,C,T,HA,3,209,AGC,AGT,S,S,True,C656T,S209S,HA-209,GCC,6,GCC,GCC,CT
657,C,T,HA,1,210,CTG,TTG,L,L,True,C657T,L210L,HA-210,CCT,42,CCT,CCT,CT
659,G,T,HA,3,210,CTG,CTT,L,L,True,G659T,L210L,HA-210,TGT,9,TGT,TGT,GT
659,G,C,HA,3,210,CTG,CTC,L,L,True,G659C,L210L,HA-210,TGT,0,,,GC
659,G,A,HA,3,210,CTG,CTA,L,L,True,G659A,L210L,HA-210,TGT,43,TGT,TGT,GA
662,T,C,HA,3,211,TAT,TAC,Y,Y,True,T662C,Y211Y,HA-211,ATG,24,ATG,ATG,TC
662,T,C,HA,3,211,TAT,TAC,Y,Y,True,T662C,Y211Y,HA-211,ATG,1,ATA,ATG,TC
665,T,G,HA,3,212,GTT,GTG,V,V,True,T665G,V212V,HA-212,TTC,0,,,TG
665,T,C,HA,3,212,GTT,GTC,V,V,True,T665C,V212V,HA-212,TTC,7,TTC,TTC,TC
665,T,A,HA,3,212,GTT,GTA,V,V,True,T665A,V212V,HA-212,TTC,3,TTC,TTC,TA
668,A,G,HA,3,213,CAA,CAG,Q,Q,True,A668G,Q213Q,HA-213,AAG,12,AAG,AAG,AG
668,A,G,HA,3,213,CAA,CAG,Q,Q,True,A668G,Q213Q,HA-213,AAG,19,AAT,AAG,AG
671,A,G,HA,3,214,GCA,GCG,A,A,True,A671G,A214A,HA-214,CAT,11,CAT,CAT,AG
671,A,G,HA,3,214,GCA,GCG,A,A,True,A671G,A214A,HA-214,CAT,3,CAG,CAT,AG
671,A,C,HA,3,214,GCA,GCC,A,A,True,A671C,A214A,HA-214,CAT,2,CAT,CAT,AC
671,A,T,HA,3,214,GCA,GCT,A,A,True,A671T,A214A,HA-214,CAT,12,CAT,CAT,AT
674,A,G,HA,3,215,TCA,TCG,S,S,True,A674G,S215S,HA-215,CAG,34,CAG,CAG,AG
674,A,C,HA,3,215,TCA,TCC,S,S,True,A674C,S215S,HA-215,CAG,4,CAG,CAG,AC
674,A,T,HA,3,215,TCA,TCT,S,S,True,A674T,S215S,HA-215,CAG,9,CAG,CAG,AT
677,G,T,HA,3,216,GGG,GGT,G,G,True,G677T,G216G,HA-216,GGA,0,,,GT
677,G,C,HA,3,216,GGG,GGC,G,G,True,G677C,G216G,HA-216,GGA,0,,,GC
677,G,A,HA,3,216,GGG,GGA,G,G,True,G677A,G216G,HA-216,GGA,25,GGA,GGA,GA
677,G,A,HA,3,216,GGG,GGA,G,G,True,G677A,G216G,HA-216,GGA,1,GGC,GGA,GA
678,A,C,HA,1,217,AGA,CGA,R,R,True,A678C,R217R,HA-217,GAG,2,GAG,GAG,AC
678,A,C,HA,1,217,AGA,CGA,R,R,True,A678C,R217R,HA-217,GAG,6,AAG,GAG,AC
680,A,G,HA,3,217,AGA,AGG,R,R,True,A680G,R217R,HA-217,GAG,9,GAG,GAG,AG
680,A,G,HA,3,217,AGA,AGG,R,R,True,A680G,R217R,HA-217,GAG,54,GAA,GAG,AG
683,C,T,HA,3,218,GTC,GTT,V,V,True,C683T,V218V,HA-218,TCA,6,TCA,TCA,CT
683,C,G,HA,3,218,GTC,GTG,V,V,True,C683G,V218V,HA-218,TCA,0,,,CG
683,C,A,HA,3,218,GTC,GTA,V,V,True,C683A,V218V,HA-218,TCA,3,TCA,TCA,CA
686,A,G,HA,3,219,ACA,ACG,T,T,True,A686G,T219T,HA-219,CAG,18,CAG,CAG,AG
686,A,C,HA,3,219,ACA,ACC,T,T,True,A686C,T219T,HA-219,CAG,10,CAG,CAG,AC
686,A,T,HA,3,219,ACA,ACT,T,T,True,A686T,T219T,HA-219,CAG,16,CAG,CAG,AT
689,C,T,HA,3,220,GTC,GTT,V,V,True,C689T,V220V,HA-220,TCT,28,TCT,TCT,CT
689,C,G,HA,3,220,GTC,GTG,V,V,True,C689G,V220V,HA-220,TCT,1,TCT,TCT,CG
689,C,A,HA,3,220,GTC,GTA,V,V,True,C689A,V220V,HA-220,TCT,15,TCT,TCT,CA
692,T,G,HA,3,221,TCT,TCG,S,S,True,T692G,S221S,HA-221,CTA,4,CTA,CTA,TG
692,T,C,HA,3,221,TCT,TCC,S,S,True,T692C,S221S,HA-221,CTA,88,CTA,CTA,TC
692,T,A,HA,3,221,TCT,TCA,S,S,True,T692A,S221S,HA-221,CTA,16,CTA,CTA,TA
695,C,T,HA,3,222,ACC,ACT,T,T,True,C695T,T222T,HA-222,CCA,40,CCA,CCA,CT
695,C,T,HA,3,222,ACC,ACT,T,T,True,C695T,T222T,HA-222,CCA,1,CCC,CCA,CT
695,C,G,HA,3,222,ACC,ACG,T,T,True,C695G,T222T,HA-222,CCA,1,CCA,CCA,CG
695,C,A,HA,3,222,ACC,ACA,T,T,True,C695A,T222T,HA-222,CCA,24,CCA,CCA,CA
696,A,C,HA,1,223,AGG,CGG,R,R,True,A696C,R223R,HA-223,CAG,0,,,AC
698,G,A,HA,3,223,AGG,AGA,R,R,True,G698A,R223R,HA-223,GGA,9,GGA,GGA,GA
699,A,C,HA,1,224,AGA,CGA,R,R,True,A699C,R224R,HA-224,GAG,3,AAG,GAG,AC
701,A,G,HA,3,224,AGA,AGG,R,R,True,A701G,R224R,HA-224,GAA,73,GAA,GAA,AG
704,C,T,HA,3,225,AGC,AGT,S,S,True,C704T,S225S,HA-225,GCC,48,GCC,GCC,CT
707,G,A,HA,3,226,CAG,CAA,Q,Q,True,G707A,Q226Q,HA-226,AGC,8,AGC,AGC,GA
710,A,G,HA,3,227,CAA,CAG,Q,Q,True,A710G,Q227Q,HA-227,AAA,14,AAA,AAA,AG
710,A,G,HA,3,227,CAA,CAG,Q,Q,True,A710G,Q227Q,HA-227,AAA,24,AAG,AAA,AG
713,T,G,HA,3,228,ACT,ACG,T,T,True,T713G,T228T,HA-228,CTA,2,CTA,CTA,TG
713,T,G,HA,3,228,ACT,ACG,T,T,True,T713G,T228T,HA-228,CTA,3,CTG,CTA,TG
713,T,C,HA,3,228,ACT,ACC,T,T,True,T713C,T228T,HA-228,CTA,1,CTA,CTA,TC
713,T,C,HA,3,228,ACT,ACC,T,T,True,T713C,T228T,HA-228,CTA,15,CTG,CTA,TC
713,T,A,HA,3,228,ACT,ACA,T,T,True,T713A,T228T,HA-228,CTA,3,CTG,CTA,TA
716,A,C,HA,3,229,ATA,ATC,I,I,True,A716C,I229I,HA-229,TAA,1,TAA,TAA,AC
716,A,T,HA,3,229,ATA,ATT,I,I,True,A716T,I229I,HA-229,TAA,1,TAA,TAA,AT
719,C,T,HA,3,230,ATC,ATT,I,I,True,C719T,I230I,HA-230,TCC,87,TCC,TCC,CT
719,C,A,HA,3,230,ATC,ATA,I,I,True,C719A,I230I,HA-230,TCC,14,TCC,TCC,CA
722,G,T,HA,3,231,CCG,CCT,P,P,True,G722T,P231P,HA-231,CGA,26,CGA,CGA,GT
722,G,C,HA,3,231,CCG,CCC,P,P,True,G722C,P231P,HA-231,CGA,3,CGA,CGA,GC
722,G,A,HA,3,231,CCG,CCA,P,P,True,G722A,P231P,HA-231,CGA,79,CGA,CGA,GA
722,G,A,HA,3,231,CCG,CCA,P,P,True,G722A,P231P,HA-231,CGA,1,CGG,CGA,GA
725,T,C,HA,3,232,AAT,AAC,N,N,True,T725C,N232N,HA-232,ATA,84,ATA,ATA,TC
728,C,T,HA,3,233,ATC,ATT,I,I,True,C728T,I233I,HA-233,TCG,117,TCG,TCG,CT
728,C,A,HA,3,233,ATC,ATA,I,I,True,C728A,I233I,HA-233,TCG,44,TCG,TCG,CA
731,G,T,HA,3,234,GGG,GGT,G,G,True,G731T,G234G,HA-234,GGT,5,GGT,GGT,GT
731,G,C,HA,3,234,GGG,GGC,G,G,True,G731C,G234G,HA-234,GGT,0,,,GC
731,G,A,HA,3,234,GGG,GGA,G,G,True,G731A,G234G,HA-234,GGT,36,GGT,GGT,GA
734,C,T,HA,3,235,TCC,TCT,S,S,True,C734T,S235S,HA-235,CCA,15,CCA,CCA,CT
734,C,G,HA,3,235,TCC,TCG,S,S,True,C734G,S235S,HA-235,CCA,0,,,CG
734,C,A,HA,3,235,TCC,TCA,S,S,True,C734A,S235S,HA-235,CCA,4,CCA,CCA,CA
735,A,C,HA,1,236,AGA,CGA,R,R,True,A735C,R236R,HA-236,CAG,3,TAG,CAG,AC
735,A,C,HA,1,236,AGA,CGA,R,R,True,A735C,R236R,HA-236,CAG,1,CAG,CAG,AC
737,A,G,HA,3,236,AGA,AGG,R,R,True,A737G,R236R,HA-236,GAC,56,GAC,GAC,AG
740,C,T,HA,3,237,CCC,CCT,P,P,True,C740T,P237P,HA-237,CCT,10,CCT,CCT,CT
740,C,T,HA,3,237,CCC,CCT,P,P,True,C740T,P237P,HA-237,CCT,30,CCA,CCT,CT
740,C,G,HA,3,237,CCC,CCG,P,P,True,C740G,P237P,HA-237,CCT,0,,,CG
740,C,A,HA,3,237,CCC,CCA,P,P,True,C740A,P237P,HA-237,CCT,7,CCT,CCT,CA
740,C,A,HA,3,237,CCC,CCA,P,P,True,C740A,P237P,HA-237,CCT,14,CCA,CCT,CA
746,A,G,HA,3,239,GTA,GTG,V,V,True,A746G,V239V,HA-239,TAA,36,TAA,TAA,AG
746,A,C,HA,3,239,GTA,GTC,V,V,True,A746C,V239V,HA-239,TAA,1,TAA,TAA,AC
746,A,T,HA,3,239,GTA,GTT,V,V,True,A746T,V239V,HA-239,TAA,5,TAA,TAA,AT
747,A,C,HA,1,240,AGG,CGG,R,R,True,A747C,R240R,HA-240,AAG,5,AAG,AAG,AC
749,G,A,HA,3,240,AGG,AGA,R,R,True,G749A,R240R,HA-240,GGG,61,GGG,GGG,GA
749,G,A,HA,3,240,AGG,AGA,R,R,True,G749A,R240R,HA-240,GGG,24,GGA,GGG,GA
752,T,G,HA,3,241,GGT,GGG,G,G,True,T752G,G241G,HA-241,GTA,3,GTA,GTA,TG
752,T,C,HA,3,241,GGT,GGC,G,G,True,T752C,G241G,HA-241,GTA,9,GTA,GTA,TC
752,T,A,HA,3,241,GGT,GGA,G,G,True,T752A,G241G,HA-241,GTA,4,GTA,GTA,TA
758,T,G,HA,3,243,TCT,TCG,S,S,True,T758G,S243S,HA-243,CTA,1,CTG,CTA,TG
758,T,C,HA,3,243,TCT,TCC,S,S,True,T758C,S243S,HA-243,CTA,2,CTG,CTA,TC
758,T,C,HA,3,243,TCT,TCC,S,S,True,T758C,S243S,HA-243,CTA,1,CTA,CTA,TC
758,T,A,HA,3,243,TCT,TCA,S,S,True,T758A,S243S,HA-243,CTA,0,,,TA
761,T,C,HA,3,244,AGT,AGC,S,S,True,T761C,S244S,HA-244,GTA,7,GTA,GTA,TC
762,A,C,HA,1,245,AGA,CGA,R,R,True,A762C,R245R,HA-245,TAG,4,CAG,TAG,AC
764,A,G,HA,3,245,AGA,AGG,R,R,True,A764G,R245R,HA-245,GAA,62,GAA,GAA,AG
764,A,G,HA,3,245,AGA,AGG,R,R,True,A764G,R245R,HA-245,GAA,2,GAG,GAA,AG
767,A,C,HA,3,246,ATA,ATC,I,I,True,A767C,I246I,HA-246,TAA,3,TAA,TAA,AC
767,A,T,HA,3,246,ATA,ATT,I,I,True,A767T,I246I,HA-246,TAA,9,TAA,TAA,AT
770,C,T,HA,3,247,AGC,AGT,S,S,True,C770T,S247S,HA-247,GCA,33,GCA,GCA,CT
773,C,T,HA,3,248,ATC,ATT,I,I,True,C773T,I248I,HA-248,TCT,49,TCT,TCT,CT
773,C,T,HA,3,248,ATC,ATT,I,I,True,C773T,I248I,HA-248,TCT,1,TCC,TCT,CT
773,C,A,HA,3,248,ATC,ATA,I,I,True,C773A,I248I,HA-248,TCT,44,TCT,TCT,CA
776,T,C,HA,3,249,TAT,TAC,Y,Y,True,T776C,Y249Y,HA-249,ATT,42,ATT,ATT,TC
782,A,G,HA,3,251,ACA,ACG,T,T,True,A782G,T251T,HA-251,CAA,21,CAA,CAA,AG
782,A,C,HA,3,251,ACA,ACC,T,T,True,A782C,T251T,HA-251,CAA,12,CAA,CAA,AC
782,A,T,HA,3,251,ACA,ACT,T,T,True,A782T,T251T,HA-251,CAA,2,CAA,CAA,AT
785,A,C,HA,3,252,ATA,ATC,I,I,True,A785C,I252I,HA-252,TAG,3,TAG,TAG,AC
785,A,T,HA,3,252,ATA,ATT,I,I,True,A785T,I252I,HA-252,TAG,6,TAG,TAG,AT
788,T,G,HA,3,253,GTT,GTG,V,V,True,T788G,V253V,HA-253,TTA,0,,,TG
788,T,C,HA,3,253,GTT,GTC,V,V,True,T788C,V253V,HA-253,TTA,2,TTA,TTA,TC
788,T,A,HA,3,253,GTT,GTA,V,V,True,T788A,V253V,HA-253,TTA,0,,,TA
791,G,A,HA,3,254,AAG,AAA,K,K,True,G791A,K254K,HA-254,AGC,8,AGC,AGC,GA
794,G,T,HA,3,255,CCG,CCT,P,P,True,G794T,P255P,HA-255,CGG,30,CGG,CGG,GT
794,G,C,HA,3,255,CCG,CCC,P,P,True,G794C,P255P,HA-255,CGG,3,CGG,CGG,GC
794,G,A,HA,3,255,CCG,CCA,P,P,True,G794A,P255P,HA-255,CGG,191,CGG,CGG,GA
797,A,G,HA,3,256,GGA,GGG,G,G,True,A797G,G256G,HA-256,GAG,67,GAG,GAG,AG
797,A,C,HA,3,256,GGA,GGC,G,G,True,A797C,G256G,HA-256,GAG,0,,,AC
797,A,T,HA,3,256,GGA,GGT,G,G,True,A797T,G256G,HA-256,GAG,14,GAG,GAG,AT
800,C,T,HA,3,257,GAC,GAT,D,D,True,C800T,D257D,HA-257,ACG,1,ACG,ACG,CT
800,C,T,HA,3,257,GAC,GAT,D,D,True,C800T,D257D,HA-257,ACG,33,ACA,ACG,CT
803,A,G,HA,3,258,GTA,GTG,V,V,True,A803G,V258V,HA-258,TAC,7,TAC,TAC,AG
803,A,C,HA,3,258,GTA,GTC,V,V,True,A803C,V258V,HA-258,TAC,0,,,AC
803,A,T,HA,3,258,GTA,GTT,V,V,True,A803T,V258V,HA-258,TAC,0,,,AT
804,C,T,HA,1,259,CTG,TTG,L,L,True,C804T,L259L,HA-259,ACT,4,ACT,ACT,CT
806,G,T,HA,3,259,CTG,CTT,L,L,True,G806T,L259L,HA-259,TGG,2,TGT,TGG,GT
806,G,C,HA,3,259,CTG,CTC,L,L,True,G806C,L259L,HA-259,TGG,0,,,GC
806,G,A,HA,3,259,CTG,CTA,L,L,True,G806A,L259L,HA-259,TGG,5,TGG,TGG,GA
809,A,G,HA,3,260,GTA,GTG,V,V,True,A809G,V260V,HA-260,TAA,1,TAA,TAA,AG
809,A,C,HA,3,260,GTA,GTC,V,V,True,A809C,V260V,HA-260,TAA,1,TAA,TAA,AC
809,A,T,HA,3,260,GTA,GTT,V,V,True,A809T,V260V,HA-260,TAA,1,TAA,TAA,AT
812,T,C,HA,3,261,ATT,ATC,I,I,True,T812C,I261I,HA-261,TTA,69,TTA,TTA,TC
812,T,A,HA,3,261,ATT,ATA,I,I,True,T812A,I261I,HA-261,TTA,8,TTA,TTA,TA
815,T,C,HA,3,262,AAT,AAC,N,N,True,T815C,N262N,HA-262,ATA,7,ATA,ATA,TC
818,T,C,HA,3,263,AGT,AGC,S,S,True,T818C,S263S,HA-263,GTA,11,GTA,GTA,TC
821,C,T,HA,3,264,AAC,AAT,N,N,True,C821T,N264N,HA-264,ACG,0,,,CT
824,G,T,HA,3,265,GGG,GGT,G,G,True,G824T,G265G,HA-265,GGA,10,GGA,GGA,GT
824,G,C,HA,3,265,GGG,GGC,G,G,True,G824C,G265G,HA-265,GGA,0,,,GC
824,G,A,HA,3,265,GGG,GGA,G,G,True,G824A,G265G,HA-265,GGA,153,GGA,GGA,GA
827,C,T,HA,3,266,AAC,AAT,N,N,True,C827T,N266N,HA-266,ACC,7,ACC,ACC,CT
828,C,T,HA,1,267,CTA,TTA,L,L,True,C828T,L267L,HA-267,CCT,1,CCT,CCT,CT
828,C,T,HA,1,267,CTA,TTA,L,L,True,C828T,L267L,HA-267,CCT,54,TCT,CCT,CT
830,A,G,HA,3,267,CTA,CTG,L,L,True,A830G,L267L,HA-267,TAA,35,TAA,TAA,AG
830,A,C,HA,3,267,CTA,CTC,L,L,True,A830C,L267L,HA-267,TAA,2,TAA,TAA,AC
830,A,T,HA,3,267,CTA,CTT,L,L,True,A830T,L267L,HA-267,TAA,2,TAA,TAA,AT
833,C,T,HA,3,268,ATC,ATT,I,I,True,C833T,I268I,HA-268,TCG,7,TCG,TCG,CT
833,C,A,HA,3,268,ATC,ATA,I,I,True,C833A,I268I,HA-268,TCG,0,,,CA
836,T,G,HA,3,269,GCT,GCG,A,A,True,T836G,A269A,HA-269,CTC,1,CTC,CTC,TG
836,T,C,HA,3,269,GCT,GCC,A,A,True,T836C,A269A,HA-269,CTC,79,CTC,CTC,TC
836,T,A,HA,3,269,GCT,GCA,A,A,True,T836A,A269A,HA-269,CTC,8,CTC,CTC,TA
839,T,G,HA,3,270,CCT,CCG,P,P,True,T839G,P270P,HA-270,CTC,1,CTC,CTC,TG
839,T,G,HA,3,270,CCT,CCG,P,P,True,T839G,P270P,HA-270,CTC,5,CTA,CTC,TG
839,T,C,HA,3,270,CCT,CCC,P,P,True,T839C,P270P,HA-270,CTC,15,CTC,CTC,TC
839,T,C,HA,3,270,CCT,CCC,P,P,True,T839C,P270P,HA-270,CTC,24,CTA,CTC,TC
839,T,A,HA,3,270,CCT,CCA,P,P,True,T839A,P270P,HA-270,CTC,4,CTC,CTC,TA
839,T,A,HA,3,270,CCT,CCA,P,P,True,T839A,P270P,HA-270,CTC,5,CTA,CTC,TA
840,C,A,HA,1,271,CGG,AGG,R,R,True,C840A,R271R,HA-271,TCG,22,TCG,TCG,CA
840,C,A,HA,1,271,CGG,AGG,R,R,True,C840A,R271R,HA-271,TCG,1,GCG,TCG,CA
842,G,T,HA,3,271,CGG,CGT,R,R,True,G842T,R271R,HA-271,GGG,1,GGG,GGG,GT
842,G,C,HA,3,271,CGG,CGC,R,R,True,G842C,R271R,HA-271,GGG,0,,,GC
842,G,A,HA,3,271,CGG,CGA,R,R,True,G842A,R271R,HA-271,GGG,28,GGG,GGG,GA
845,T,G,HA,3,272,GGT,GGG,G,G,True,T845G,G272G,HA-272,GTT,39,GTT,GTT,TG
845,T,C,HA,3,272,GGT,GGC,G,G,True,T845C,G272G,HA-272,GTT,33,GTT,GTT,TC
845,T,A,HA,3,272,GGT,GGA,G,G,True,T845A,G272G,HA-272,GTT,4,GTT,GTT,TA
848,T,C,HA,3,273,TAT,TAC,Y,Y,True,T848C,Y273Y,HA-273,ATT,2,ATT,ATT,TC
851,C,T,HA,3,274,TTC,TTT,F,F,True,C851T,F274F,HA-274,TCA,55,TCA,TCA,CT
854,A,G,HA,3,275,AAA,AAG,K,K,True,A854G,K275K,HA-275,AAA,39,AAA,AAA,AG
860,C,T,HA,3,277,CGC,CGT,R,R,True,C860T,R277R,HA-277,GCA,2,GCA,GCA,CT
860,C,G,HA,3,277,CGC,CGG,R,R,True,C860G,R277R,HA-277,GCA,0,,,CG
860,C,A,HA,3,277,CGC,CGA,R,R,True,C860A,R277R,HA-277,GCA,3,GCA,GCA,CA
863,T,C,HA,3,278,AAT,AAC,N,N,True,T863C,N278N,HA-278,ATG,2,ATG,ATG,TC
866,G,T,HA,3,279,GGG,GGT,G,G,True,G866T,G279G,HA-279,GGA,4,GGA,GGA,GT
866,G,C,HA,3,279,GGG,GGC,G,G,True,G866C,G279G,HA-279,GGA,0,,,GC
866,G,A,HA,3,279,GGG,GGA,G,G,True,G866A,G279G,HA-279,GGA,155,GGA,GGA,GA
866,G,A,HA,3,279,GGG,GGA,G,G,True,G866A,G279G,HA-279,GGA,2,GGG,GGA,GA
869,A,G,HA,3,280,AAA,AAG,K,K,True,A869G,K280K,HA-280,AAA,25,AAA,AAA,AG
872,C,T,HA,3,281,AGC,AGT,S,S,True,C872T,S281S,HA-281,GCT,40,GCT,GCT,CT
875,A,G,HA,3,282,TCA,TCG,S,S,True,A875G,S282S,HA-282,CAA,26,CAA,CAA,AG
875,A,C,HA,3,282,TCA,TCC,S,S,True,A875C,S282S,HA-282,CAA,6,CAA,CAA,AC
875,A,T,HA,3,282,TCA,TCT,S,S,True,A875T,S282S,HA-282,CAA,4,CAA,CAA,AT
878,A,C,HA,3,283,ATA,ATC,I,I,True,A878C,I283I,HA-283,TAA,2,TAA,TAA,AC
878,A,T,HA,3,283,ATA,ATT,I,I,True,A878T,I283I,HA-283,TAA,6,TAA,TAA,AT
882,A,C,HA,1,285,AGG,CGG,R,R,True,A882C,R285R,HA-285,GAG,0,,,AC
884,G,A,HA,3,285,AGG,AGA,R,R,True,G884A,R285R,HA-285,GGT,20,GGT,GGT,GA
887,A,G,HA,3,286,TCA,TCG,S,S,True,A887G,S286S,HA-286,CAG,35,CAG,CAG,AG
887,A,C,HA,3,286,TCA,TCC,S,S,True,A887C,S286S,HA-286,CAG,4,CAG,CAG,AC
887,A,T,HA,3,286,TCA,TCT,S,S,True,A887T,S286S,HA-286,CAG,14,CAG,CAG,AT
887,A,T,HA,3,286,TCA,TCT,S,S,True,A887T,S286S,HA-286,CAG,1,CAA,CAG,AT
890,T,C,HA,3,287,GAT,GAC,D,D,True,T890C,D287D,HA-287,ATG,13,ATG,ATG,TC
893,A,G,HA,3,288,GCA,GCG,A,A,True,A893G,A288A,HA-288,CAC,18,CAC,CAC,AG
893,A,C,HA,3,288,GCA,GCC,A,A,True,A893C,A288A,HA-288,CAC,14,CAC,CAC,AC
893,A,T,HA,3,288,GCA,GCT,A,A,True,A893T,A288A,HA-288,CAC,9,CAC,CAC,AT
896,T,G,HA,3,289,CCT,CCG,P,P,True,T896G,P289P,HA-289,CTA,2,CTA,CTA,TG
896,T,C,HA,3,289,CCT,CCC,P,P,True,T896C,P289P,HA-289,CTA,12,CTA,CTA,TC
896,T,A,HA,3,289,CCT,CCA,P,P,True,T896A,P289P,HA-289,CTA,0,,,TA
899,T,C,HA,3,290,ATT,ATC,I,I,True,T899C,I290I,HA-290,TTG,51,TTG,TTG,TC
899,T,A,HA,3,290,ATT,ATA,I,I,True,T899A,I290I,HA-290,TTG,18,TTG,TTG,TA
902,T,C,HA,3,291,GAT,GAC,D,D,True,T902C,D291D,HA-291,ATA,1,ATG,ATA,TC
905,C,T,HA,3,292,ACC,ACT,T,T,True,C905T,T292T,HA-292,CCT,3,CCT,CCT,CT
905,C,G,HA,3,292,ACC,ACG,T,T,True,C905G,T292T,HA-292,CCT,0,,,CG
905,C,A,HA,3,292,ACC,ACA,T,T,True,C905A,T292T,HA-292,CCT,3,CCT,CCT,CA
908,T,C,HA,3,293,TGT,TGC,C,C,True,T908C,C293C,HA-293,GTA,16,GTA,GTA,TC
911,T,C,HA,3,294,AGT,AGC,S,S,True,T911C,S294S,HA-294,GTT,1,GTT,GTT,TC
914,T,G,HA,3,295,TCT,TCG,S,S,True,T914G,S295S,HA-295,CTG,7,CTG,CTG,TG
914,T,C,HA,3,295,TCT,TCC,S,S,True,T914C,S295S,HA-295,CTG,32,CTG,CTG,TC
914,T,A,HA,3,295,TCT,TCA,S,S,True,T914A,S295S,HA-295,CTG,17,CTG,CTG,TA
917,A,G,HA,3,296,GAA,GAG,E,E,True,A917G,E296E,HA-296,AAT,52,AAT,AAT,AG
920,C,T,HA,3,297,TGC,TGT,C,C,True,C920T,C297C,HA-297,GCA,38,GCA,GCA,CT
923,C,T,HA,3,298,ATC,ATT,I,I,True,C923T,I298I,HA-298,TCA,25,TCA,TCA,CT
923,C,A,HA,3,298,ATC,ATA,I,I,True,C923A,I298I,HA-298,TCA,14,TCA,TCA,CA
926,T,G,HA,3,299,ACT,ACG,T,T,True,T926G,T299T,HA-299,CTC,3,CTC,CTC,TG
926,T,C,HA,3,299,ACT,ACC,T,T,True,T926C,T299T,HA-299,CTC,77,CTC,CTC,TC
926,T,A,HA,3,299,ACT,ACA,T,T,True,T926A,T299T,HA-299,CTC,11,CTC,CTC,TA
929,A,G,HA,3,300,CCA,CCG,P,P,True,A929G,P300P,HA-300,CAA,34,CAA,CAA,AG
929,A,C,HA,3,300,CCA,CCC,P,P,True,A929C,P300P,HA-300,CAA,9,CAA,CAA,AC
929,A,T,HA,3,300,CCA,CCT,P,P,True,A929T,P300P,HA-300,CAA,2,CAA,CAA,AT
932,T,C,HA,3,301,AAT,AAC,N,N,True,T932C,N301N,HA-301,ATG,31,ATG,ATG,TC
935,A,G,HA,3,302,GGA,GGG,G,G,True,A935G,G302G,HA-302,GAA,75,GAA,GAA,AG
935,A,C,HA,3,302,GGA,GGC,G,G,True,A935C,G302G,HA-302,GAA,4,GAA,GAA,AC
935,A,T,HA,3,302,GGA,GGT,G,G,True,A935T,G302G,HA-302,GAA,4,GAA,GAA,AT
938,C,T,HA,3,303,AGC,AGT,S,S,True,C938T,S303S,HA-303,GCA,36,GCA,GCA,CT
941,T,C,HA,3,304,ATT,ATC,I,I,True,T941C,I304I,HA-304,TTC,80,TTC,TTC,TC
941,T,C,HA,3,304,ATT,ATC,I,I,True,T941C,I304I,HA-304,TTC,2,TTT,TTC,TC
941,T,A,HA,3,304,ATT,ATA,I,I,True,T941A,I304I,HA-304,TTC,4,TTC,TTC,TA
944,C,T,HA,3,305,CCC,CCT,P,P,True,C944T,P305P,HA-305,CCA,30,CCA,CCA,CT
944,C,G,HA,3,305,CCC,CCG,P,P,True,C944G,P305P,HA-305,CCA,4,CCA,CCA,CG
944,C,A,HA,3,305,CCC,CCA,P,P,True,C944A,P305P,HA-305,CCA,30,CCA,CCA,CA
947,T,C,HA,3,306,AAT,AAC,N,N,True,T947C,N306N,HA-306,ATG,46,ATG,ATG,TC
950,C,T,HA,3,307,GAC,GAT,D,D,True,C950T,D307D,HA-307,ACA,29,ACA,ACA,CT
953,G,A,HA,3,308,AAG,AAA,K,K,True,G953A,K308K,HA-308,AGC,14,AGC,AGC,GA
956,T,G,HA,3,309,CCT,CCG,P,P,True,T956G,P309P,HA-309,CTT,2,CTT,CTT,TG
956,T,C,HA,3,309,CCT,CCC,P,P,True,T956C,P309P,HA-309,CTT,9,CTT,CTT,TC
956,T,A,HA,3,309,CCT,CCA,P,P,True,T956A,P309P,HA-309,CTT,2,CTT,CTT,TA
959,T,C,HA,3,310,TTT,TTC,F,F,True,T959C,F310F,HA-310,TTC,35,TTC,TTC,TC
962,A,G,HA,3,311,CAA,CAG,Q,Q,True,A962G,Q311Q,HA-311,AAA,28,AAA,AAA,AG
965,C,T,HA,3,312,AAC,AAT,N,N,True,C965T,N312N,HA-312,ACG,6,ACG,ACG,CT
968,A,G,HA,3,313,GTA,GTG,V,V,True,A968G,V313V,HA-313,TAA,81,TAA,TAA,AG
968,A,C,HA,3,313,GTA,GTC,V,V,True,A968C,V313V,HA-313,TAA,8,TAA,TAA,AC
968,A,T,HA,3,313,GTA,GTT,V,V,True,A968T,V313V,HA-313,TAA,7,TAA,TAA,AT
971,C,T,HA,3,314,AAC,AAT,N,N,True,C971T,N314N,HA-314,ACA,42,ACA,ACA,CT
974,G,A,HA,3,315,AAG,AAA,K,K,True,G974A,K315K,HA-315,AGA,1,AGG,AGA,GA
974,G,A,HA,3,315,AAG,AAA,K,K,True,G974A,K315K,HA-315,AGA,16,AGA,AGA,GA
977,C,T,HA,3,316,ATC,ATT,I,I,True,C977T,I316I,HA-316,TCA,38,TCA,TCA,CT
977,C,A,HA,3,316,ATC,ATA,I,I,True,C977A,I316I,HA-316,TCA,26,TCA,TCA,CA
980,A,G,HA,3,317,ACA,ACG,T,T,True,A980G,T317T,HA-317,CAT,23,CAT,CAT,AG
980,A,C,HA,3,317,ACA,ACC,T,T,True,A980C,T317T,HA-317,CAT,12,CAT,CAT,AC
980,A,T,HA,3,317,ACA,ACT,T,T,True,A980T,T317T,HA-317,CAT,13,CAT,CAT,AT
983,T,C,HA,3,318,TAT,TAC,Y,Y,True,T983C,Y318Y,HA-318,ATG,21,ATG,ATG,TC
986,A,G,HA,3,319,GGA,GGG,G,G,True,A986G,G319G,HA-319,GAG,5,GAG,GAG,AG
986,A,G,HA,3,319,GGA,GGG,G,G,True,A986G,G319G,HA-319,GAG,1,GAA,GAG,AG
986,A,C,HA,3,319,GGA,GGC,G,G,True,A986C,G319G,HA-319,GAG,0,,,AC
986,A,T,HA,3,319,GGA,GGT,G,G,True,A986T,G319G,HA-319,GAG,0,,,AT
989,A,G,HA,3,320,GCA,GCG,A,A,True,A989G,A320A,HA-320,CAT,4,CAT,CAT,AG
989,A,C,HA,3,320,GCA,GCC,A,A,True,A989C,A320A,HA-320,CAT,0,,,AC
989,A,T,HA,3,320,GCA,GCT,A,A,True,A989T,A320A,HA-320,CAT,0,,,AT
992,C,T,HA,3,321,TGC,TGT,C,C,True,C992T,C321C,HA-321,GCC,4,GCC,GCC,CT
995,C,T,HA,3,322,CCC,CCT,P,P,True,C995T,P322P,HA-322,CCA,38,CCA,CCA,CT
995,C,T,HA,3,322,CCC,CCT,P,P,True,C995T,P322P,HA-322,CCA,1,CCC,CCA,CT
995,C,G,HA,3,322,CCC,CCG,P,P,True,C995G,P322P,HA-322,CCA,1,CCA,CCA,CG
995,C,A,HA,3,322,CCC,CCA,P,P,True,C995A,P322P,HA-322,CCA,8,CCA,CCA,CA
998,G,A,HA,3,323,AAG,AAA,K,K,True,G998A,K323K,HA-323,AGT,8,AGT,AGT,GA
1001,T,C,HA,3,324,TAT,TAC,Y,Y,True,T1001C,Y324Y,HA-324,ATG,26,ATG,ATG,TC
1001,T,C,HA,3,324,TAT,TAC,Y,Y,True,T1001C,Y324Y,HA-324,ATG,1,ATA,ATG,TC
1004,T,G,HA,3,325,GTT,GTG,V,V,True,T1004G,V325V,HA-325,TTA,11,TTA,TTA,TG
1004,T,C,HA,3,325,GTT,GTC,V,V,True,T1004C,V325V,HA-325,TTA,91,TTA,TTA,TC
1004,T,A,HA,3,325,GTT,GTA,V,V,True,T1004A,V325V,HA-325,TTA,14,TTA,TTA,TA
1007,G,A,HA,3,326,AAG,AAA,K,K,True,G1007A,K326K,HA-326,AGC,137,AGC,AGC,GA
1010,A,G,HA,3,327,CAA,CAG,Q,Q,True,A1010G,Q327Q,HA-327,AAA,51,AAA,AAA,AG
1013,C,T,HA,3,328,AAC,AAT,N,N,True,C1013T,N328N,HA-328,ACA,15,ACA,ACA,CT
1016,C,T,HA,3,329,ACC,ACT,T,T,True,C1016T,T329T,HA-329,CCC,31,CCC,CCC,CT
1016,C,G,HA,3,329,ACC,ACG,T,T,True,C1016G,T329T,HA-329,CCC,0,,,CG
1016,C,A,HA,3,329,ACC,ACA,T,T,True,C1016A,T329T,HA-329,CCC,2,CCC,CCC,CA
1017,C,T,HA,1,330,CTG,TTG,L,L,True,C1017T,L330L,HA-330,CCT,16,CCT,CCT,CT
1017,C,T,HA,1,330,CTG,TTG,L,L,True,C1017T,L330L,HA-330,CCT,39,TCT,CCT,CT
1019,G,T,HA,3,330,CTG,CTT,L,L,True,G1019T,L330L,HA-330,TGA,16,TGA,TGA,GT
1019,G,C,HA,3,330,CTG,CTC,L,L,True,G1019C,L330L,HA-330,TGA,0,,,GC
1019,G,A,HA,3,330,CTG,CTA,L,L,True,G1019A,L330L,HA-330,TGA,72,TGA,TGA,GA
1022,G,A,HA,3,331,AAG,AAA,K,K,True,G1022A,K331K,HA-331,AGT,10,AGT,AGT,GA
1022,G,A,HA,3,331,AAG,AAA,K,K,True,G1022A,K331K,HA-331,AGT,1,AGC,AGT,GA
1023,T,C,HA,1,332,TTG,CTG,L,L,True,T1023C,L332L,HA-332,GTT,33,ATT,GTT,TC
1023,T,C,HA,1,332,TTG,CTG,L,L,True,T1023C,L332L,HA-332,GTT,1,GTT,GTT,TC
1025,G,A,HA,3,332,TTG,TTA,L,L,True,G1025A,L332L,HA-332,TGG,48,TGG,TGG,GA
1028,A,G,HA,3,333,GCA,GCG,A,A,True,A1028G,A333A,HA-333,CAA,33,CAA,CAA,AG
1028,A,C,HA,3,333,GCA,GCC,A,A,True,A1028C,A333A,HA-333,CAA,9,CAA,CAA,AC
1028,A,T,HA,3,333,GCA,GCT,A,A,True,A1028T,A333A,HA-333,CAA,18,CAA,CAA,AT
1031,A,G,HA,3,334,ACA,ACG,T,T,True,A1031G,T334T,HA-334,CAG,25,CAG,CAG,AG
1031,A,C,HA,3,334,ACA,ACC,T,T,True,A1031C,T334T,HA-334,CAG,4,CAG,CAG,AC
1031,A,T,HA,3,334,ACA,ACT,T,T,True,A1031T,T334T,HA-334,CAG,10,CAG,CAG,AT
1034,G,T,HA,3,335,GGG,GGT,G,G,True,G1034T,G335G,HA-335,GGA,1,GGA,GGA,GT
1034,G,C,HA,3,335,GGG,GGC,G,G,True,G1034C,G335G,HA-335,GGA,1,GGA,GGA,GC
1034,G,A,HA,3,335,GGG,GGA,G,G,True,G1034A,G335G,HA-335,GGA,67,GGA,GGA,GA
1038,C,A,HA,1,337,CGG,AGG,R,R,True,C1038A,R337R,HA-337,GCG,9,GCG,GCG,CA
1040,G,T,HA,3,337,CGG,CGT,R,R,True,G1040T,R337R,HA-337,GGA,4,GGA,GGA,GT
1040,G,C,HA,3,337,CGG,CGC,R,R,True,G1040C,R337R,HA-337,GGA,0,,,GC
1040,G,A,HA,3,337,CGG,CGA,R,R,True,G1040A,R337R,HA-337,GGA,19,GGA,GGA,GA
1043,T,C,HA,3,338,AAT,AAC,N,N,True,T1043C,N338N,HA-338,ATG,45,ATG,ATG,TC
1043,T,C,HA,3,338,AAT,AAC,N,N,True,T1043C,N338N,HA-338,ATG,11,ATA,ATG,TC
1046,A,G,HA,3,339,GTA,GTG,V,V,True,A1046G,V339V,HA-339,TAC,79,TAC,TAC,AG
1046,A,C,HA,3,339,GTA,GTC,V,V,True,A1046C,V339V,HA-339,TAC,11,TAC,TAC,AC
1046,A,T,HA,3,339,GTA,GTT,V,V,True,A1046T,V339V,HA-339,TAC,10,TAC,TAC,AT
1049,A,G,HA,3,340,CCA,CCG,P,P,True,A1049G,P340P,HA-340,CAG,30,CAG,CAG,AG
1049,A,C,HA,3,340,CCA,CCC,P,P,True,A1049C,P340P,HA-340,CAG,3,CAG,CAG,AC
1049,A,T,HA,3,340,CCA,CCT,P,P,True,A1049T,P340P,HA-340,CAG,10,CAG,CAG,AT
1052,G,A,HA,3,341,GAG,GAA,E,E,True,G1052A,E341E,HA-341,AGA,90,AGA,AGA,GA
1055,A,G,HA,3,342,AAA,AAG,K,K,True,A1055G,K342K,HA-342,AAC,41,AAC,AAC,AG
1055,A,G,HA,3,342,AAA,AAG,K,K,True,A1055G,K342K,HA-342,AAC,1,AAA,AAC,AG
1058,A,G,HA,3,343,CAA,CAG,Q,Q,True,A1058G,Q343Q,HA-343,AAA,42,AAA,AAA,AG
1061,T,G,HA,3,344,ACT,ACG,T,T,True,T1061G,T344T,HA-344,CTA,1,CTA,CTA,TG
1061,T,C,HA,3,344,ACT,ACC,T,T,True,T1061C,T344T,HA-344,CTA,38,CTA,CTA,TC
1061,T,A,HA,3,344,ACT,ACA,T,T,True,T1061A,T344T,HA-344,CTA,4,CTA,CTA,TA
1062,A,C,HA,1,345,AGA,CGA,R,R,True,A1062C,R345R,HA-345,TAG,3,TAG,TAG,AC
1064,A,G,HA,3,345,AGA,AGG,R,R,True,A1064G,R345R,HA-345,GAG,50,GAG,GAG,AG
1067,C,T,HA,3,346,GGC,GGT,G,G,True,C1067T,G346G,HA-346,GCC,1,GCC,GCC,CT
1067,C,T,HA,3,346,GGC,GGT,G,G,True,C1067T,G346G,HA-346,GCC,1,GCT,GCC,CT
1067,C,T,HA,3,346,GGC,GGT,G,G,True,C1067T,G346G,HA-346,GCC,28,GCA,GCC,CT
1067,C,G,HA,3,346,GGC,GGG,G,G,True,C1067G,G346G,HA-346,GCC,2,GCA,GCC,CG
1067,C,A,HA,3,346,GGC,GGA,G,G,True,C1067A,G346G,HA-346,GCC,2,GCC,GCC,CA
1067,C,A,HA,3,346,GGC,GGA,G,G,True,C1067A,G346G,HA-346,GCC,28,GCA,GCC,CA
1068,C,T,HA,1,347,CTA,TTA,L,L,True,C1068T,L347L,HA-347,CCT,0,,,CT
1070,A,G,HA,3,347,CTA,CTG,L,L,True,A1070G,L347L,HA-347,TAT,2,TAT,TAT,AG
1070,A,C,HA,3,347,CTA,CTC,L,L,True,A1070C,L347L,HA-347,TAT,0,,,AC
1070,A,T,HA,3,347,CTA,CTT,L,L,True,A1070T,L347L,HA-347,TAT,1,TAT,TAT,AT
1073,C,T,HA,3,348,TTC,TTT,F,F,True,C1073T,F348F,HA-348,TCG,22,TCG,TCG,CT
1076,C,T,HA,3,349,GGC,GGT,G,G,True,C1076T,G349G,HA-349,GCG,117,GCG,GCG,CT
1076,C,G,HA,3,349,GGC,GGG,G,G,True,C1076G,G349G,HA-349,GCG,4,GCG,GCG,CG
1076,C,A,HA,3,349,GGC,GGA,G,G,True,C1076A,G349G,HA-349,GCG,70,GCG,GCG,CA
1079,A,G,HA,3,350,GCA,GCG,A,A,True,A1079G,A350A,HA-350,CAA,25,CAA,CAA,AG
1079,A,C,HA,3,350,GCA,GCC,A,A,True,A1079C,A350A,HA-350,CAA,14,CAA,CAA,AC
1079,A,T,HA,3,350,GCA,GCT,A,A,True,A1079T,A350A,HA-350,CAA,9,CAA,CAA,AT
1082,A,C,HA,3,351,ATA,ATC,I,I,True,A1082C,I351I,HA-351,TAG,6,TAG,TAG,AC
1082,A,T,HA,3,351,ATA,ATT,I,I,True,A1082T,I351I,HA-351,TAG,3,TAG,TAG,AT
1085,A,G,HA,3,352,GCA,GCG,A,A,True,A1085G,A352A,HA-352,CAG,11,CAG,CAG,AG
1085,A,C,HA,3,352,GCA,GCC,A,A,True,A1085C,A352A,HA-352,CAG,4,CAG,CAG,AC
1085,A,T,HA,3,352,GCA,GCT,A,A,True,A1085T,A352A,HA-352,CAG,1,CAG,CAG,AT
1088,T,G,HA,3,353,GGT,GGG,G,G,True,T1088G,G353G,HA-353,GTT,25,GTT,GTT,TG
1088,T,C,HA,3,353,GGT,GGC,G,G,True,T1088C,G353G,HA-353,GTT,65,GTT,GTT,TC
1088,T,A,HA,3,353,GGT,GGA,G,G,True,T1088A,G353G,HA-353,GTT,3,GTT,GTT,TA
1091,C,T,HA,3,354,TTC,TTT,F,F,True,C1091T,F354F,HA-354,TCA,29,TCA,TCA,CT
1094,A,C,HA,3,355,ATA,ATC,I,I,True,A1094C,I355I,HA-355,TAG,8,TAG,TAG,AC
1094,A,T,HA,3,355,ATA,ATT,I,I,True,A1094T,I355I,HA-355,TAG,14,TAG,TAG,AT
1097,A,G,HA,3,356,GAA,GAG,E,E,True,A1097G,E356E,HA-356,AAA,24,AAA,AAA,AG
1100,T,C,HA,3,357,AAT,AAC,N,N,True,T1100C,N357N,HA-357,ATG,22,ATG,ATG,TC
1103,T,G,HA,3,358,GGT,GGG,G,G,True,T1103G,G358G,HA-358,GTT,1,GTT,GTT,TG
1103,T,C,HA,3,358,GGT,GGC,G,G,True,T1103C,G358G,HA-358,GTT,31,GTT,GTT,TC
1103,T,A,HA,3,358,GGT,GGA,G,G,True,T1103A,G358G,HA-358,GTT,17,GTT,GTT,TA
1109,G,A,HA,3,360,GAG,GAA,E,E,True,G1109A,E360E,HA-360,AGG,117,AGG,AGG,GA
1112,A,G,HA,3,361,GGA,GGG,G,G,True,A1112G,G361G,HA-361,GAA,42,GAA,GAA,AG
1112,A,C,HA,3,361,GGA,GGC,G,G,True,A1112C,G361G,HA-361,GAA,5,GAA,GAA,AC
1112,A,C,HA,3,361,GGA,GGC,G,G,True,A1112C,G361G,HA-361,GAA,1,GAT,GAA,AC
1112,A,T,HA,3,361,GGA,GGT,G,G,True,A1112T,G361G,HA-361,GAA,7,GAA,GAA,AT
1118,A,C,HA,3,363,ATA,ATC,I,I,True,A1118C,I363I,HA-363,TAG,0,,,AC
1118,A,T,HA,3,363,ATA,ATT,I,I,True,A1118T,I363I,HA-363,TAG,0,,,AT
1121,C,T,HA,3,364,GAC,GAT,D,D,True,C1121T,D364D,HA-364,ACG,14,ACG,ACG,CT
1124,T,G,HA,3,365,GGT,GGG,G,G,True,T1124G,G365G,HA-365,GTT,3,GTT,GTT,TG
1124,T,C,HA,3,365,GGT,GGC,G,G,True,T1124C,G365G,HA-365,GTT,32,GTT,GTT,TC
1124,T,A,HA,3,365,GGT,GGA,G,G,True,T1124A,G365G,HA-365,GTT,9,GTT,GTT,TA
1130,C,T,HA,3,367,TAC,TAT,Y,Y,True,C1130T,Y367Y,HA-367,ACG,117,ACG,ACG,CT
1133,T,G,HA,3,368,GGT,GGG,G,G,True,T1133G,G368G,HA-368,GTT,1,GTT,GTT,TG
1133,T,C,HA,3,368,GGT,GGC,G,G,True,T1133C,G368G,HA-368,GTT,54,GTT,GTT,TC
1133,T,A,HA,3,368,GGT,GGA,G,G,True,T1133A,G368G,HA-368,GTT,3,GTT,GTT,TA
1136,C,T,HA,3,369,TTC,TTT,F,F,True,C1136T,F369F,HA-369,TCA,30,TCA,TCA,CT
1137,A,C,HA,1,370,AGG,CGG,R,R,True,A1137C,R370R,HA-370,CAG,8,CAG,CAG,AC
1139,G,A,HA,3,370,AGG,AGA,R,R,True,G1139A,R370R,HA-370,GGC,129,GGC,GGC,GA
1142,T,C,HA,3,371,CAT,CAC,H,H,True,T1142C,H371H,HA-371,ATC,45,ATC,ATC,TC
1145,A,G,HA,3,372,CAA,CAG,Q,Q,True,A1145G,Q372Q,HA-372,AAA,41,AAA,AAA,AG
1148,T,C,HA,3,373,AAT,AAC,N,N,True,T1148C,N373N,HA-373,ATT,45,ATT,ATT,TC
1151,T,G,HA,3,374,TCT,TCG,S,S,True,T1151G,S374S,HA-374,CTG,6,CTG,CTG,TG
1151,T,C,HA,3,374,TCT,TCC,S,S,True,T1151C,S374S,HA-374,CTG,31,CTG,CTG,TC
1151,T,A,HA,3,374,TCT,TCA,S,S,True,T1151A,S374S,HA-374,CTG,9,CTG,CTG,TA
1154,G,A,HA,3,375,GAG,GAA,E,E,True,G1154A,E375E,HA-375,AGG,120,AGG,AGG,GA
1157,C,T,HA,3,376,GGC,GGT,G,G,True,C1157T,G376G,HA-376,GCA,7,GCA,GCA,CT
1157,C,G,HA,3,376,GGC,GGG,G,G,True,C1157G,G376G,HA-376,GCA,2,GCA,GCA,CG
1157,C,A,HA,3,376,GGC,GGA,G,G,True,C1157A,G376G,HA-376,GCA,3,GCA,GCA,CA
1160,A,G,HA,3,377,ACA,ACG,T,T,True,A1160G,T377T,HA-377,CAG,7,CAG,CAG,AG
1160,A,C,HA,3,377,ACA,ACC,T,T,True,A1160C,T377T,HA-377,CAG,0,,,AC
1160,A,T,HA,3,377,ACA,ACT,T,T,True,A1160T,T377T,HA-377,CAG,2,CAG,CAG,AT
1163,A,G,HA,3,378,GGA,GGG,G,G,True,A1163G,G378G,HA-378,GAC,75,GAC,GAC,AG
1163,A,C,HA,3,378,GGA,GGC,G,G,True,A1163C,G378G,HA-378,GAC,4,GAC,GAC,AC
1163,A,T,HA,3,378,GGA,GGT,G,G,True,A1163T,G378G,HA-378,GAC,3,GAC,GAC,AT
1166,A,G,HA,3,379,CAA,CAG,Q,Q,True,A1166G,Q379Q,HA-379,AAG,35,AAG,AAG,AG
1169,A,G,HA,3,380,GCA,GCG,A,A,True,A1169G,A380A,HA-380,CAG,28,CAG,CAG,AG
1169,A,C,HA,3,380,GCA,GCC,A,A,True,A1169C,A380A,HA-380,CAG,4,CAG,CAG,AC
1169,A,T,HA,3,380,GCA,GCT,A,A,True,A1169T,A380A,HA-380,CAG,12,CAG,CAG,AT
1172,A,G,HA,3,381,GCA,GCG,A,A,True,A1172G,A381A,HA-381,CAG,27,CAG,CAG,AG
1172,A,C,HA,3,381,GCA,GCC,A,A,True,A1172C,A381A,HA-381,CAG,3,CAG,CAG,AC
1172,A,T,HA,3,381,GCA,GCT,A,A,True,A1172T,A381A,HA-381,CAG,11,CAG,CAG,AT
1175,T,C,HA,3,382,GAT,GAC,D,D,True,T1175C,D382D,HA-382,ATC,44,ATC,ATC,TC
1178,T,G,HA,3,383,CTT,CTG,L,L,True,T1178G,L383L,HA-383,TTA,1,TTA,TTA,TG
1178,T,G,HA,3,383,CTT,CTG,L,L,True,T1178G,L383L,HA-383,TTA,1,TTG,TTA,TG
1178,T,C,HA,3,383,CTT,CTC,L,L,True,T1178C,L383L,HA-383,TTA,18,TTA,TTA,TC
1178,T,C,HA,3,383,CTT,CTC,L,L,True,T1178C,L383L,HA-383,TTA,1,TTG,TTA,TC
1178,T,A,HA,3,383,CTT,CTA,L,L,True,T1178A,L383L,HA-383,TTA,2,TTA,TTA,TA
1181,A,G,HA,3,384,AAA,AAG,K,K,True,A1181G,K384K,HA-384,AAA,31,AAA,AAA,AG
1184,C,T,HA,3,385,AGC,AGT,S,S,True,C1184T,S385S,HA-385,GCA,45,GCA,GCA,CT
1187,T,G,HA,3,386,ACT,ACG,T,T,True,T1187G,T386T,HA-386,CTC,3,CTC,CTC,TG
1187,T,C,HA,3,386,ACT,ACC,T,T,True,T1187C,T386T,HA-386,CTC,76,CTC,CTC,TC
1187,T,A,HA,3,386,ACT,ACA,T,T,True,T1187A,T386T,HA-386,CTC,11,CTC,CTC,TA
1190,A,G,HA,3,387,CAA,CAG,Q,Q,True,A1190G,Q387Q,HA-387,AAG,43,AAG,AAG,AG
1193,A,G,HA,3,388,GCA,GCG,A,A,True,A1193G,A388A,HA-388,CAG,24,CAG,CAG,AG
1193,A,C,HA,3,388,GCA,GCC,A,A,True,A1193C,A388A,HA-388,CAG,2,CAG,CAG,AC
1193,A,T,HA,3,388,GCA,GCT,A,A,True,A1193T,A388A,HA-388,CAG,10,CAG,CAG,AT
1196,C,T,HA,3,389,GCC,GCT,A,A,True,C1196T,A389A,HA-389,CCA,4,CCA,CCA,CT
1196,C,G,HA,3,389,GCC,GCG,A,A,True,C1196G,A389A,HA-389,CCA,0,,,CG
1196,C,A,HA,3,389,GCC,GCA,A,A,True,C1196A,A389A,HA-389,CCA,0,,,CA
1199,C,T,HA,3,390,ATC,ATT,I,I,True,C1199T,I390I,HA-390,TCG,51,TCG,TCG,CT
1199,C,T,HA,3,390,ATC,ATT,I,I,True,C1199T,I390I,HA-390,TCG,9,TCA,TCG,CT
1199,C,A,HA,3,390,ATC,ATA,I,I,True,C1199A,I390I,HA-390,TCG,17,TCG,TCG,CA
1199,C,A,HA,3,390,ATC,ATA,I,I,True,C1199A,I390I,HA-390,TCG,15,TCA,TCG,CA
1202,C,T,HA,3,391,GAC,GAT,D,D,True,C1202T,D391D,HA-391,ACC,12,ACC,ACC,CT
1205,A,G,HA,3,392,CAA,CAG,Q,Q,True,A1205G,Q392Q,HA-392,AAA,28,AAA,AAA,AG
1208,C,T,HA,3,393,ATC,ATT,I,I,True,C1208T,I393I,HA-393,TCA,41,TCA,TCA,CT
1208,C,A,HA,3,393,ATC,ATA,I,I,True,C1208A,I393I,HA-393,TCA,17,TCA,TCA,CA
1211,T,C,HA,3,394,AAT,AAC,N,N,True,T1211C,N394N,HA-394,ATG,25,ATG,ATG,TC
1214,G,T,HA,3,395,GGG,GGT,G,G,True,G1214T,G395G,HA-395,GGA,4,GGA,GGA,GT
1214,G,C,HA,3,395,GGG,GGC,G,G,True,G1214C,G395G,HA-395,GGA,0,,,GC
1214,G,A,HA,3,395,GGG,GGA,G,G,True,G1214A,G395G,HA-395,GGA,122,GGA,GGA,GA
1217,A,G,HA,3,396,AAA,AAG,K,K,True,A1217G,K396K,HA-396,AAT,3,AAT,AAT,AG
1217,A,G,HA,3,396,AAA,AAG,K,K,True,A1217G,K396K,HA-396,AAT,13,AAC,AAT,AG
1218,T,C,HA,1,397,TTG,CTG,L,L,True,T1218C,L397L,HA-397,ATT,2,GTT,ATT,TC
1218,T,C,HA,1,397,TTG,CTG,L,L,True,T1218C,L397L,HA-397,ATT,2,ATT,ATT,TC
1220,G,A,HA,3,397,TTG,TTA,L,L,True,G1220A,L397L,HA-397,TGA,5,TGA,TGA,GA
1223,C,T,HA,3,398,AAC,AAT,N,N,True,C1223T,N398N,HA-398,ACA,5,ACA,ACA,CT
1223,C,T,HA,3,398,AAC,AAT,N,N,True,C1223T,N398N,HA-398,ACA,2,ACC,ACA,CT
1224,A,C,HA,1,399,AGG,CGG,R,R,True,A1224C,R399R,HA-399,CAG,0,,,AC
1226,G,A,HA,3,399,AGG,AGA,R,R,True,G1226A,R399R,HA-399,GGG,5,GGG,GGG,GA
1226,G,A,HA,3,399,AGG,AGA,R,R,True,G1226A,R399R,HA-399,GGG,19,GGT,GGG,GA
1229,A,G,HA,3,400,GTA,GTG,V,V,True,A1229G,V400V,HA-400,TAA,8,TAA,TAA,AG
1229,A,C,HA,3,400,GTA,GTC,V,V,True,A1229C,V400V,HA-400,TAA,0,,,AC
1229,A,T,HA,3,400,GTA,GTT,V,V,True,A1229T,V400V,HA-400,TAA,1,TAA,TAA,AT
1232,C,T,HA,3,401,ATC,ATT,I,I,True,C1232T,I401I,HA-401,TCG,90,TCG,TCG,CT
1232,C,T,HA,3,401,ATC,ATT,I,I,True,C1232T,I401I,HA-401,TCG,1,TCA,TCG,CT
1232,C,A,HA,3,401,ATC,ATA,I,I,True,C1232A,I401I,HA-401,TCG,34,TCG,TCG,CA
1232,C,A,HA,3,401,ATC,ATA,I,I,True,C1232A,I401I,HA-401,TCG,1,TCA,TCG,CA
1235,G,A,HA,3,402,GAG,GAA,E,E,True,G1235A,E402E,HA-402,AGA,5,AGA,AGA,GA
1238,G,A,HA,3,403,AAG,AAA,K,K,True,G1238A,K403K,HA-403,AGA,11,AGA,AGA,GA
1241,G,T,HA,3,404,ACG,ACT,T,T,True,G1241T,T404T,HA-404,CGA,1,CGA,CGA,GT
1241,G,C,HA,3,404,ACG,ACC,T,T,True,G1241C,T404T,HA-404,CGA,1,CGA,CGA,GC
1241,G,A,HA,3,404,ACG,ACA,T,T,True,G1241A,T404T,HA-404,CGA,24,CGA,CGA,GA
1241,G,A,HA,3,404,ACG,ACA,T,T,True,G1241A,T404T,HA-404,CGA,1,CGG,CGA,GA
1244,C,T,HA,3,405,AAC,AAT,N,N,True,C1244T,N405N,HA-405,ACG,124,ACG,ACG,CT
1247,G,A,HA,3,406,GAG,GAA,E,E,True,G1247A,E406E,HA-406,AGA,56,AGA,AGA,GA
1250,A,G,HA,3,407,AAA,AAG,K,K,True,A1250G,K407K,HA-407,AAT,48,AAT,AAT,AG
1253,C,T,HA,3,408,TTC,TTT,F,F,True,C1253T,F408F,HA-408,TCC,68,TCC,TCC,CT
1256,T,C,HA,3,409,CAT,CAC,H,H,True,T1256C,H409H,HA-409,ATC,66,ATC,ATC,TC
1259,A,G,HA,3,410,CAA,CAG,Q,Q,True,A1259G,Q410Q,HA-410,AAA,10,AAA,AAA,AG
1262,C,T,HA,3,411,ATC,ATT,I,I,True,C1262T,I411I,HA-411,TCG,24,TCG,TCG,CT
1262,C,A,HA,3,411,ATC,ATA,I,I,True,C1262A,I411I,HA-411,TCG,5,TCG,TCG,CA
1265,A,G,HA,3,412,GAA,GAG,E,E,True,A1265G,E412E,HA-412,AAA,43,AAA,AAA,AG
1268,G,A,HA,3,413,AAG,AAA,K,K,True,G1268A,K413K,HA-413,AGG,10,AGG,AGG,GA
1271,A,G,HA,3,414,GAA,GAG,E,E,True,A1271G,E414E,HA-414,AAT,49,AAT,AAT,AG
1274,C,T,HA,3,415,TTC,TTT,F,F,True,C1274T,F415F,HA-415,TCT,47,TCT,TCT,CT
1277,A,G,HA,3,416,TCA,TCG,S,S,True,A1277G,S416S,HA-416,CAG,16,CAG,CAG,AG
1277,A,C,HA,3,416,TCA,TCC,S,S,True,A1277C,S416S,HA-416,CAG,5,CAG,CAG,AC
1277,A,T,HA,3,416,TCA,TCT,S,S,True,A1277T,S416S,HA-416,CAG,14,CAG,CAG,AT
1280,A,G,HA,3,417,GAA,GAG,E,E,True,A1280G,E417E,HA-417,AAG,39,AAG,AAG,AG
1283,A,G,HA,3,418,GTA,GTG,V,V,True,A1283G,V418V,HA-418,TAG,51,TAG,TAG,AG
1283,A,C,HA,3,418,GTA,GTC,V,V,True,A1283C,V418V,HA-418,TAG,7,TAG,TAG,AC
1283,A,T,HA,3,418,GTA,GTT,V,V,True,A1283T,V418V,HA-418,TAG,3,TAG,TAG,AT
1286,A,G,HA,3,419,GAA,GAG,E,E,True,A1286G,E419E,HA-419,AAG,44,AAG,AAG,AG
1289,G,T,HA,3,420,GGG,GGT,G,G,True,G1289T,G420G,HA-420,GGA,3,GGA,GGA,GT
1289,G,C,HA,3,420,GGG,GGC,G,G,True,G1289C,G420G,HA-420,GGA,1,GGA,GGA,GC
1289,G,A,HA,3,420,GGG,GGA,G,G,True,G1289A,G420G,HA-420,GGA,66,GGA,GGA,GA
1290,A,C,HA,1,421,AGA,CGA,R,R,True,A1290C,R421R,HA-421,GAG,4,AAG,GAG,AC
1292,A,G,HA,3,421,AGA,AGG,R,R,True,A1292G,R421R,HA-421,GAA,36,GAA,GAA,AG
1292,A,G,HA,3,421,AGA,AGG,R,R,True,A1292G,R421R,HA-421,GAA,11,GAG,GAA,AG
1295,T,C,HA,3,422,ATT,ATC,I,I,True,T1295C,I422I,HA-422,TTC,33,TTC,TTC,TC
1295,T,A,HA,3,422,ATT,ATA,I,I,True,T1295A,I422I,HA-422,TTC,4,TTC,TTC,TA
1298,G,A,HA,3,423,CAG,CAA,Q,Q,True,G1298A,Q423Q,HA-423,AGG,68,AGG,AGG,GA
1301,C,T,HA,3,424,GAC,GAT,D,D,True,C1301T,D424D,HA-424,ACC,67,ACC,ACC,CT
1304,C,T,HA,3,425,CTC,CTT,L,L,True,C1304T,L425L,HA-425,TCG,8,TCG,TCG,CT
1304,C,G,HA,3,425,CTC,CTG,L,L,True,C1304G,L425L,HA-425,TCG,0,,,CG
1304,C,A,HA,3,425,CTC,CTA,L,L,True,C1304A,L425L,HA-425,TCG,2,TCG,TCG,CA
1307,G,A,HA,3,426,GAG,GAA,E,E,True,G1307A,E426E,HA-426,AGA,47,AGA,AGA,GA
1310,A,G,HA,3,427,AAA,AAG,K,K,True,A1310G,K427K,HA-427,AAT,46,AAT,AAT,AG
1313,C,T,HA,3,428,TAC,TAT,Y,Y,True,C1313T,Y428Y,HA-428,ACG,11,ACG,ACG,CT
1316,T,G,HA,3,429,GTT,GTG,V,V,True,T1316G,V429V,HA-429,TTG,9,TTG,TTG,TG
1316,T,C,HA,3,429,GTT,GTC,V,V,True,T1316C,V429V,HA-429,TTG,23,TTG,TTG,TC
1316,T,A,HA,3,429,GTT,GTA,V,V,True,T1316A,V429V,HA-429,TTG,5,TTG,TTG,TA
1319,A,G,HA,3,430,GAA,GAG,E,E,True,A1319G,E430E,HA-430,AAG,15,AAG,AAG,AG
1322,C,T,HA,3,431,GAC,GAT,D,D,True,C1322T,D431D,HA-431,ACA,36,ACA,ACA,CT
1325,T,G,HA,3,432,ACT,ACG,T,T,True,T1325G,T432T,HA-432,CTA,2,CTA,CTA,TG
1325,T,C,HA,3,432,ACT,ACC,T,T,True,T1325C,T432T,HA-432,CTA,54,CTA,CTA,TC
1325,T,A,HA,3,432,ACT,ACA,T,T,True,T1325A,T432T,HA-432,CTA,12,CTA,CTA,TA
1328,A,G,HA,3,433,AAA,AAG,K,K,True,A1328G,K433K,HA-433,AAA,20,AAA,AAA,AG
1328,A,G,HA,3,433,AAA,AAG,K,K,True,A1328G,K433K,HA-433,AAA,2,AAG,AAA,AG
1331,A,C,HA,3,434,ATA,ATC,I,I,True,A1331C,I434I,HA-434,TAG,2,TAG,TAG,AC
1331,A,T,HA,3,434,ATA,ATT,I,I,True,A1331T,I434I,HA-434,TAG,9,TAG,TAG,AT
1334,T,C,HA,3,435,GAT,GAC,D,D,True,T1334C,D435D,HA-435,ATC,41,ATC,ATC,TC
1334,T,C,HA,3,435,GAT,GAC,D,D,True,T1334C,D435D,HA-435,ATC,1,ATT,ATC,TC
1337,C,T,HA,3,436,CTC,CTT,L,L,True,C1337T,L436L,HA-436,TCT,45,TCT,TCT,CT
1337,C,G,HA,3,436,CTC,CTG,L,L,True,C1337G,L436L,HA-436,TCT,2,TCT,TCT,CG
1337,C,A,HA,3,436,CTC,CTA,L,L,True,C1337A,L436L,HA-436,TCT,42,TCT,TCT,CA
1343,G,T,HA,3,438,TCG,TCT,S,S,True,G1343T,S438S,HA-438,CGT,0,,,GT
1343,G,C,HA,3,438,TCG,TCC,S,S,True,G1343C,S438S,HA-438,CGT,0,,,GC
1343,G,A,HA,3,438,TCG,TCA,S,S,True,G1343A,S438S,HA-438,CGT,7,CGT,CGT,GA
1346,C,T,HA,3,439,TAC,TAT,Y,Y,True,C1346T,Y439Y,HA-439,ACA,23,ACA,ACA,CT
1349,T,C,HA,3,440,AAT,AAC,N,N,True,T1349C,N440N,HA-440,ATG,5,ATG,ATG,TC
1352,G,T,HA,3,441,GCG,GCT,A,A,True,G1352T,A441A,HA-441,CGG,25,CGG,CGG,GT
1352,G,C,HA,3,441,GCG,GCC,A,A,True,G1352C,A441A,HA-441,CGG,0,,,GC
1352,G,A,HA,3,441,GCG,GCA,A,A,True,G1352A,A441A,HA-441,CGG,157,CGG,CGG,GA
1355,G,A,HA,3,442,GAG,GAA,E,E,True,G1355A,E442E,HA-442,AGC,48,AGC,AGC,GA
1358,T,G,HA,3,443,CTT,CTG,L,L,True,T1358G,L443L,HA-443,TTC,0,,,TG
1358,T,C,HA,3,443,CTT,CTC,L,L,True,T1358C,L443L,HA-443,TTC,35,TTC,TTC,TC
1358,T,A,HA,3,443,CTT,CTA,L,L,True,T1358A,L443L,HA-443,TTC,3,TTC,TTC,TA
1361,T,G,HA,3,444,CTT,CTG,L,L,True,T1361G,L444L,HA-444,TTG,3,TTG,TTG,TG
1361,T,C,HA,3,444,CTT,CTC,L,L,True,T1361C,L444L,HA-444,TTG,14,TTG,TTG,TC
1361,T,A,HA,3,444,CTT,CTA,L,L,True,T1361A,L444L,HA-444,TTG,6,TTG,TTG,TA
1364,T,G,HA,3,445,GTT,GTG,V,V,True,T1364G,V445V,HA-445,TTG,6,TTG,TTG,TG
1364,T,C,HA,3,445,GTT,GTC,V,V,True,T1364C,V445V,HA-445,TTG,2,TGG,TTG,TC
1364,T,C,HA,3,445,GTT,GTC,V,V,True,T1364C,V445V,HA-445,TTG,11,TTG,TTG,TC
1364,T,A,HA,3,445,GTT,GTA,V,V,True,T1364A,V445V,HA-445,TTG,8,TTG,TTG,TA
1367,T,G,HA,3,446,GCT,GCG,A,A,True,T1367G,A446A,HA-446,CTC,0,,,TG
1367,T,C,HA,3,446,GCT,GCC,A,A,True,T1367C,A446A,HA-446,CTC,1,CTT,CTC,TC
1367,T,C,HA,3,446,GCT,GCC,A,A,True,T1367C,A446A,HA-446,CTC,9,CTC,CTC,TC
1367,T,A,HA,3,446,GCT,GCA,A,A,True,T1367A,A446A,HA-446,CTC,0,,,TA
1368,C,T,HA,1,447,CTG,TTG,L,L,True,C1368T,L447L,HA-447,TCT,2,ACT,TCT,CT
1368,C,T,HA,1,447,CTG,TTG,L,L,True,C1368T,L447L,HA-447,TCT,70,CCT,TCT,CT
1368,C,T,HA,1,447,CTG,TTG,L,L,True,C1368T,L447L,HA-447,TCT,4,TCT,TCT,CT
1370,G,T,HA,3,447,CTG,CTT,L,L,True,G1370T,L447L,HA-447,TGG,10,TGG,TGG,GT
1370,G,C,HA,3,447,CTG,CTC,L,L,True,G1370C,L447L,HA-447,TGG,0,,,GC
1370,G,A,HA,3,447,CTG,CTA,L,L,True,G1370A,L447L,HA-447,TGG,81,TGG,TGG,GA
1373,G,A,HA,3,448,GAG,GAA,E,E,True,G1373A,E448E,HA-448,AGA,85,AGA,AGA,GA
1376,T,C,HA,3,449,AAT,AAC,N,N,True,T1376C,N449N,HA-449,ATC,6,ATC,ATC,TC
1379,A,G,HA,3,450,CAA,CAG,Q,Q,True,A1379G,Q450Q,HA-450,AAC,28,AAC,AAC,AG
1382,T,C,HA,3,451,CAT,CAC,H,H,True,T1382C,H451H,HA-451,ATA,69,ATA,ATA,TC
1385,A,G,HA,3,452,ACA,ACG,T,T,True,A1385G,T452T,HA-452,CAA,13,CAA,CAA,AG
1385,A,C,HA,3,452,ACA,ACC,T,T,True,A1385C,T452T,HA-452,CAA,4,CAA,CAA,AC
1385,A,T,HA,3,452,ACA,ACT,T,T,True,A1385T,T452T,HA-452,CAA,3,CAA,CAA,AT
1388,T,C,HA,3,453,ATT,ATC,I,I,True,T1388C,I453I,HA-453,TTG,23,TTG,TTG,TC
1388,T,A,HA,3,453,ATT,ATA,I,I,True,T1388A,I453I,HA-453,TTG,4,TTG,TTG,TA
1391,C,T,HA,3,454,GAC,GAT,D,D,True,C1391T,D454D,HA-454,ACC,30,ACC,ACC,CT
1392,C,T,HA,1,455,CTG,TTG,L,L,True,C1392T,L455L,HA-455,CCT,2,TCT,CCT,CT
1394,G,T,HA,3,455,CTG,CTT,L,L,True,G1394T,L455L,HA-455,TGA,1,TGA,TGA,GT
1394,G,C,HA,3,455,CTG,CTC,L,L,True,G1394C,L455L,HA-455,TGA,0,,,GC
1394,G,A,HA,3,455,CTG,CTA,L,L,True,G1394A,L455L,HA-455,TGA,2,TGA,TGA,GA
1397,T,G,HA,3,456,ACT,ACG,T,T,True,T1397G,T456T,HA-456,CTG,9,CTG,CTG,TG
1397,T,C,HA,3,456,ACT,ACC,T,T,True,T1397C,T456T,HA-456,CTG,21,CTG,CTG,TC
1397,T,A,HA,3,456,ACT,ACA,T,T,True,T1397A,T456T,HA-456,CTG,14,CTG,CTG,TA
1400,C,T,HA,3,457,GAC,GAT,D,D,True,C1400T,D457D,HA-457,ACT,73,ACT,ACT,CT
1403,G,T,HA,3,458,TCG,TCT,S,S,True,G1403T,S458S,HA-458,CGG,0,,,GT
1403,G,C,HA,3,458,TCG,TCC,S,S,True,G1403C,S458S,HA-458,CGG,0,,,GC
1403,G,A,HA,3,458,TCG,TCA,S,S,True,G1403A,S458S,HA-458,CGG,1,CGG,CGG,GA
1406,A,G,HA,3,459,GAA,GAG,E,E,True,A1406G,E459E,HA-459,AAA,31,AAA,AAA,AG
1412,C,T,HA,3,461,AAC,AAT,N,N,True,C1412T,N461N,HA-461,ACA,17,ACA,ACA,CT
1415,G,A,HA,3,462,AAG,AAA,K,K,True,G1415A,K462K,HA-462,AGC,1,AGT,AGC,GA
1415,G,A,HA,3,462,AAG,AAA,K,K,True,G1415A,K462K,HA-462,AGC,6,AGC,AGC,GA
1416,C,T,HA,1,463,CTG,TTG,L,L,True,C1416T,L463L,HA-463,GCT,42,ACT,GCT,CT
1416,C,T,HA,1,463,CTG,TTG,L,L,True,C1416T,L463L,HA-463,GCT,1,GCT,GCT,CT
1418,G,T,HA,3,463,CTG,CTT,L,L,True,G1418T,L463L,HA-463,TGT,15,TGT,TGT,GT
1418,G,C,HA,3,463,CTG,CTC,L,L,True,G1418C,L463L,HA-463,TGT,4,TGT,TGT,GC
1418,G,A,HA,3,463,CTG,CTA,L,L,True,G1418A,L463L,HA-463,TGT,63,TGT,TGT,GA
1421,T,C,HA,3,464,TTT,TTC,F,F,True,T1421C,F464F,HA-464,TTG,19,TTG,TTG,TC
1424,A,G,HA,3,465,GAA,GAG,E,E,True,A1424G,E465E,HA-465,AAA,28,AAA,AAA,AG
1427,A,G,HA,3,466,AAA,AAG,K,K,True,A1427G,K466K,HA-466,AAA,34,AAA,AAA,AG
1430,A,G,HA,3,467,ACA,ACG,T,T,True,A1430G,T467T,HA-467,CAA,10,CAA,CAA,AG
1430,A,C,HA,3,467,ACA,ACC,T,T,True,A1430C,T467T,HA-467,CAA,1,CAA,CAA,AC
1430,A,T,HA,3,467,ACA,ACT,T,T,True,A1430T,T467T,HA-467,CAA,11,CAA,CAA,AT
1431,A,C,HA,1,468,AGG,CGG,R,R,True,A1431C,R468R,HA-468,AAG,0,,,AC
1433,G,A,HA,3,468,AGG,AGA,R,R,True,G1433A,R468R,HA-468,GGA,12,GGA,GGA,GA
1433,G,A,HA,3,468,AGG,AGA,R,R,True,G1433A,R468R,HA-468,GGA,2,GGC,GGA,GA
1434,A,C,HA,1,469,AGG,CGG,R,R,True,A1434C,R469R,HA-469,GAG,0,,,AC
1436,G,A,HA,3,469,AGG,AGA,R,R,True,G1436A,R469R,HA-469,GGC,13,GGC,GGC,GA
1439,A,G,HA,3,470,CAA,CAG,Q,Q,True,A1439G,Q470Q,HA-470,AAC,64,AAC,AAC,AG
1440,C,T,HA,1,471,CTG,TTG,L,L,True,C1440T,L471L,HA-471,ACT,44,ACT,ACT,CT
1440,C,T,HA,1,471,CTG,TTG,L,L,True,C1440T,L471L,HA-471,ACT,1,GCT,ACT,CT
1442,G,T,HA,3,471,CTG,CTT,L,L,True,G1442T,L471L,HA-471,TGA,5,TGA,TGA,GT
1442,G,C,HA,3,471,CTG,CTC,L,L,True,G1442C,L471L,HA-471,TGA,0,,,GC
1442,G,A,HA,3,471,CTG,CTA,L,L,True,G1442A,L471L,HA-471,TGA,83,TGA,TGA,GA
1442,G,A,HA,3,471,CTG,CTA,L,L,True,G1442A,L471L,HA-471,TGA,2,TGC,TGA,GA
1443,A,C,HA,1,472,AGG,CGG,R,R,True,A1443C,R472R,HA-472,GAG,0,,,AC
1445,G,A,HA,3,472,AGG,AGA,R,R,True,G1445A,R472R,HA-472,GGG,121,GGG,GGG,GA
1448,A,G,HA,3,473,GAA,GAG,E,E,True,A1448G,E473E,HA-473,AAA,35,AAA,AAA,AG
1451,T,C,HA,3,474,AAT,AAC,N,N,True,T1451C,N474N,HA-474,ATG,27,ATG,ATG,TC
1454,T,G,HA,3,475,GCT,GCG,A,A,True,T1454G,A475A,HA-475,CTG,3,CTG,CTG,TG
1454,T,C,HA,3,475,GCT,GCC,A,A,True,T1454C,A475A,HA-475,CTG,28,CTG,CTG,TC
1454,T,A,HA,3,475,GCT,GCA,A,A,True,T1454A,A475A,HA-475,CTG,14,CTG,CTG,TA
1457,A,G,HA,3,476,GAA,GAG,E,E,True,A1457G,E476E,HA-476,AAG,5,AAG,AAG,AG
1460,C,T,HA,3,477,GAC,GAT,D,D,True,C1460T,D477D,HA-477,ACA,8,ACA,ACA,CT
1466,C,T,HA,3,479,GGC,GGT,G,G,True,C1466T,G479G,HA-479,GCA,18,GCA,GCA,CT
1466,C,G,HA,3,479,GGC,GGG,G,G,True,C1466G,G479G,HA-479,GCA,1,GCA,GCA,CG
1466,C,A,HA,3,479,GGC,GGA,G,G,True,C1466A,G479G,HA-479,GCA,13,GCA,GCA,CA
1469,T,C,HA,3,480,AAT,AAC,N,N,True,T1469C,N480N,HA-480,ATG,30,ATG,ATG,TC
1472,T,G,HA,3,481,GGT,GGG,G,G,True,T1472G,G481G,HA-481,GTT,2,GTT,GTT,TG
1472,T,C,HA,3,481,GGT,GGC,G,G,True,T1472C,G481G,HA-481,GTT,34,GTT,GTT,TC
1472,T,A,HA,3,481,GGT,GGA,G,G,True,T1472A,G481G,HA-481,GTT,3,GTT,GTT,TA
1475,C,T,HA,3,482,TGC,TGT,C,C,True,C1475T,C482C,HA-482,GCT,13,GCT,GCT,CT
1478,C,T,HA,3,483,TTC,TTT,F,F,True,C1478T,F483F,HA-483,TCA,31,TCA,TCA,CT
1481,A,G,HA,3,484,AAA,AAG,K,K,True,A1481G,K484K,HA-484,AAA,33,AAA,AAA,AG
1484,A,C,HA,3,485,ATA,ATC,I,I,True,A1484C,I485I,HA-485,TAT,3,TAT,TAT,AC
1484,A,T,HA,3,485,ATA,ATT,I,I,True,A1484T,I485I,HA-485,TAT,2,TAT,TAT,AT
1487,C,T,HA,3,486,TAC,TAT,Y,Y,True,C1487T,Y486Y,HA-486,ACC,106,ACC,ACC,CT
1490,C,T,HA,3,487,CAC,CAT,H,H,True,C1490T,H487H,HA-487,ACA,38,ACA,ACA,CT
1493,A,G,HA,3,488,AAA,AAG,K,K,True,A1493G,K488K,HA-488,AAT,27,AAT,AAT,AG
1496,T,C,HA,3,489,TGT,TGC,C,C,True,T1496C,C489C,HA-489,GTG,19,GTG,GTG,TC
1499,C,T,HA,3,490,GAC,GAT,D,D,True,C1499T,D490D,HA-490,ACA,47,ACA,ACA,CT
1502,C,T,HA,3,491,AAC,AAT,N,N,True,C1502T,N491N,HA-491,ACG,3,ACG,ACG,CT
1502,C,T,HA,3,491,AAC,AAT,N,N,True,C1502T,N491N,HA-491,ACG,3,ACT,ACG,CT
1505,T,G,HA,3,492,GCT,GCG,A,A,True,T1505G,A492A,HA-492,CTT,0,,,TG
1505,T,C,HA,3,492,GCT,GCC,A,A,True,T1505C,A492A,HA-492,CTT,7,CTT,CTT,TC
1505,T,A,HA,3,492,GCT,GCA,A,A,True,T1505A,A492A,HA-492,CTT,2,CTT,CTT,TA
1508,C,T,HA,3,493,TGC,TGT,C,C,True,C1508T,C493C,HA-493,GCA,46,GCA,GCA,CT
1511,A,C,HA,3,494,ATA,ATC,I,I,True,A1511C,I494I,HA-494,TAG,8,TAG,TAG,AC
1511,A,T,HA,3,494,ATA,ATT,I,I,True,A1511T,I494I,HA-494,TAG,3,TAG,TAG,AT
1514,G,A,HA,3,495,GAG,GAA,E,E,True,G1514A,E495E,HA-495,AGT,15,AGT,AGT,GA
1517,A,G,HA,3,496,TCA,TCG,S,S,True,A1517G,S496S,HA-496,CAA,25,CAA,CAA,AG
1517,A,C,HA,3,496,TCA,TCC,S,S,True,A1517C,S496S,HA-496,CAA,3,CAA,CAA,AC
1517,A,T,HA,3,496,TCA,TCT,S,S,True,A1517T,S496S,HA-496,CAA,3,CAA,CAA,AT
1520,C,T,HA,3,497,ATC,ATT,I,I,True,C1520T,I497I,HA-497,TCA,19,TCA,TCA,CT
1520,C,A,HA,3,497,ATC,ATA,I,I,True,C1520A,I497I,HA-497,TCA,14,TCA,TCA,CA
1521,A,C,HA,1,498,AGA,CGA,R,R,True,A1521C,R498R,HA-498,CAG,2,CAG,CAG,AC
1523,A,G,HA,3,498,AGA,AGG,R,R,True,A1523G,R498R,HA-498,GAA,46,GAA,GAA,AG
1526,T,C,HA,3,499,AAT,AAC,N,N,True,T1526C,N499N,HA-499,ATG,21,ATG,ATG,TC
1529,G,T,HA,3,500,GGG,GGT,G,G,True,G1529T,G500G,HA-500,GGA,2,GGA,GGA,GT
1529,G,C,HA,3,500,GGG,GGC,G,G,True,G1529C,G500G,HA-500,GGA,0,,,GC
1529,G,A,HA,3,500,GGG,GGA,G,G,True,G1529A,G500G,HA-500,GGA,8,GGA,GGA,GA
1532,T,G,HA,3,501,ACT,ACG,T,T,True,T1532G,T501T,HA-501,CTT,8,CTT,CTT,TG
1532,T,C,HA,3,501,ACT,ACC,T,T,True,T1532C,T501T,HA-501,CTT,40,CTT,CTT,TC
1532,T,A,HA,3,501,ACT,ACA,T,T,True,T1532A,T501T,HA-501,CTT,2,CTT,CTT,TA
1535,T,C,HA,3,502,TAT,TAC,Y,Y,True,T1535C,Y502Y,HA-502,ATG,26,ATG,ATG,TC
1535,T,C,HA,3,502,TAT,TAC,Y,Y,True,T1535C,Y502Y,HA-502,ATG,3,ATA,ATG,TC
1538,C,T,HA,3,503,GAC,GAT,D,D,True,C1538T,D503D,HA-503,ACC,80,ACC,ACC,CT
1541,T,C,HA,3,504,CAT,CAC,H,H,True,T1541C,H504H,HA-504,ATG,16,ATG,ATG,TC
1541,T,C,HA,3,504,CAT,CAC,H,H,True,T1541C,H504H,HA-504,ATG,1,ATA,ATG,TC
1544,T,C,HA,3,505,GAT,GAC,D,D,True,T1544C,D505D,HA-505,ATG,14,ATG,ATG,TC
1544,T,C,HA,3,505,GAT,GAC,D,D,True,T1544C,D505D,HA-505,ATG,2,ATA,ATG,TC
1547,A,G,HA,3,506,GTA,GTG,V,V,True,A1547G,V506V,HA-506,TAT,52,TAT,TAT,AG
1547,A,C,HA,3,506,GTA,GTC,V,V,True,A1547C,V506V,HA-506,TAT,2,TAT,TAT,AC
1547,A,T,HA,3,506,GTA,GTT,V,V,True,A1547T,V506V,HA-506,TAT,3,TAT,TAT,AT
1550,C,T,HA,3,507,TAC,TAT,Y,Y,True,C1550T,Y507Y,HA-507,ACA,22,ACA,ACA,CT
1551,A,C,HA,1,508,AGA,CGA,R,R,True,A1551C,R508R,HA-508,CAG,3,CAG,CAG,AC
1553,A,G,HA,3,508,AGA,AGG,R,R,True,A1553G,R508R,HA-508,GAG,19,GAG,GAG,AG
1553,A,G,HA,3,508,AGA,AGG,R,R,True,A1553G,R508R,HA-508,GAG,1,GAA,GAG,AG
1556,C,T,HA,3,509,GAC,GAT,D,D,True,C1556T,D509D,HA-509,ACG,14,ACG,ACG,CT
1559,A,G,HA,3,510,GAA,GAG,E,E,True,A1559G,E510E,HA-510,AAG,39,AAG,AAG,AG
1562,A,G,HA,3,511,GCA,GCG,A,A,True,A1562G,A511A,HA-511,CAT,26,CAT,CAT,AG
1562,A,C,HA,3,511,GCA,GCC,A,A,True,A1562C,A511A,HA-511,CAT,5,CAT,CAT,AC
1562,A,T,HA,3,511,GCA,GCT,A,A,True,A1562T,A511A,HA-511,CAT,19,CAT,CAT,AT
1563,T,C,HA,1,512,TTA,CTA,L,L,True,T1563C,L512L,HA-512,ATT,42,ATT,ATT,TC
1565,A,G,HA,3,512,TTA,TTG,L,L,True,A1565G,L512L,HA-512,TAA,72,TAA,TAA,AG
1565,A,G,HA,3,512,TTA,TTG,L,L,True,A1565G,L512L,HA-512,TAA,1,TAG,TAA,AG
1568,C,T,HA,3,513,AAC,AAT,N,N,True,C1568T,N513N,HA-513,ACA,29,ACA,ACA,CT
1571,C,T,HA,3,514,AAC,AAT,N,N,True,C1571T,N514N,HA-514,ACC,70,ACC,ACC,CT
1572,C,A,HA,1,515,CGG,AGG,R,R,True,C1572A,R515R,HA-515,CCG,26,CCG,CCG,CA
1572,C,A,HA,1,515,CGG,AGG,R,R,True,C1572A,R515R,HA-515,CCG,1,TCG,CCG,CA
1574,G,T,HA,3,515,CGG,CGT,R,R,True,G1574T,R515R,HA-515,GGT,17,GGT,GGT,GT
1574,G,C,HA,3,515,CGG,CGC,R,R,True,G1574C,R515R,HA-515,GGT,1,GGT,GGT,GC
1574,G,A,HA,3,515,CGG,CGA,R,R,True,G1574A,R515R,HA-515,GGT,90,GGT,GGT,GA
1577,T,C,HA,3,516,TTT,TTC,F,F,True,T1577C,F516F,HA-516,TTC,5,TTC,TTC,TC
1580,G,A,HA,3,517,CAG,CAA,Q,Q,True,G1580A,Q517Q,HA-517,AGA,76,AGA,AGA,GA
1583,C,T,HA,3,518,ATC,ATT,I,I,True,C1583T,I518I,HA-518,TCA,30,TCA,TCA,CT
1583,C,A,HA,3,518,ATC,ATA,I,I,True,C1583A,I518I,HA-518,TCA,23,TCA,TCA,CA
1586,A,G,HA,3,519,AAA,AAG,K,K,True,A1586G,K519K,HA-519,AAG,13,AAG,AAG,AG
1589,T,G,HA,3,520,GGT,GGG,G,G,True,T1589G,G520G,HA-520,GTG,1,GTG,GTG,TG
1589,T,C,HA,3,520,GGT,GGC,G,G,True,T1589C,G520G,HA-520,GTG,10,GTG,GTG,TC
1589,T,A,HA,3,520,GGT,GGA,G,G,True,T1589A,G520G,HA-520,GTG,1,GTG,GTG,TA
1592,T,G,HA,3,521,GTT,GTG,V,V,True,T1592G,V521V,HA-521,TTG,1,TTC,TTG,TG
1592,T,G,HA,3,521,GTT,GTG,V,V,True,T1592G,V521V,HA-521,TTG,2,TTG,TTG,TG
1592,T,C,HA,3,521,GTT,GTC,V,V,True,T1592C,V521V,HA-521,TTG,23,TTG,TTG,TC
1592,T,C,HA,3,521,GTT,GTC,V,V,True,T1592C,V521V,HA-521,TTG,3,TTC,TTG,TC
1592,T,A,HA,3,521,GTT,GTA,V,V,True,T1592A,V521V,HA-521,TTG,7,TTG,TTG,TA
1595,A,G,HA,3,522,GAA,GAG,E,E,True,A1595G,E522E,HA-522,AAC,2,AAC,AAC,AG
1596,C,T,HA,1,523,CTG,TTG,L,L,True,C1596T,L523L,HA-523,ACT,3,ACT,ACT,CT
1596,C,T,HA,1,523,CTG,TTG,L,L,True,C1596T,L523L,HA-523,ACT,43,GCT,ACT,CT
1598,G,T,HA,3,523,CTG,CTT,L,L,True,G1598T,L523L,HA-523,TGA,10,TGA,TGA,GT
1598,G,C,HA,3,523,CTG,CTC,L,L,True,G1598C,L523L,HA-523,TGA,1,TGA,TGA,GC
1598,G,A,HA,3,523,CTG,CTA,L,L,True,G1598A,L523L,HA-523,TGA,61,TGA,TGA,GA
1601,G,A,HA,3,524,AAG,AAA,K,K,True,G1601A,K524K,HA-524,AGT,95,AGT,AGT,GA
1601,G,A,HA,3,524,AAG,AAA,K,K,True,G1601A,K524K,HA-524,AGT,1,AGG,AGT,GA
1604,T,G,HA,3,525,TCT,TCG,S,S,True,T1604G,S525S,HA-525,CTG,0,,,TG
1604,T,C,HA,3,525,TCT,TCC,S,S,True,T1604C,S525S,HA-525,CTG,1,CTG,CTG,TC
1604,T,A,HA,3,525,TCT,TCA,S,S,True,T1604A,S525S,HA-525,CTG,1,CTG,CTG,TA
1607,A,G,HA,3,526,GGA,GGG,G,G,True,A1607G,G526G,HA-526,GAT,20,GAT,GAT,AG
1607,A,C,HA,3,526,GGA,GGC,G,G,True,A1607C,G526G,HA-526,GAT,2,GAT,GAT,AC
1607,A,T,HA,3,526,GGA,GGT,G,G,True,A1607T,G526G,HA-526,GAT,0,,,AT
1610,C,T,HA,3,527,TAC,TAT,Y,Y,True,C1610T,Y527Y,HA-527,ACA,24,ACA,ACA,CT
1613,A,G,HA,3,528,AAA,AAG,K,K,True,A1613G,K528K,HA-528,AAG,30,AAG,AAG,AG
1613,A,G,HA,3,528,AAA,AAG,K,K,True,A1613G,K528K,HA-528,AAG,1,AAA,AAG,AG
1616,C,T,HA,3,529,GAC,GAT,D,D,True,C1616T,D529D,HA-529,ACT,2,ACT,ACT,CT
1622,C,T,HA,3,531,ATC,ATT,I,I,True,C1622T,I531I,HA-531,TCC,64,TCC,TCC,CT
1622,C,A,HA,3,531,ATC,ATA,I,I,True,C1622A,I531I,HA-531,TCC,14,TCC,TCC,CA
1623,C,T,HA,1,532,CTG,TTG,L,L,True,C1623T,L532L,HA-532,CCT,4,CCT,CCT,CT
1625,G,T,HA,3,532,CTG,CTT,L,L,True,G1625T,L532L,HA-532,TGT,0,,,GT
1625,G,C,HA,3,532,CTG,CTC,L,L,True,G1625C,L532L,HA-532,TGT,0,,,GC
1625,G,A,HA,3,532,CTG,CTA,L,L,True,G1625A,L532L,HA-532,TGT,2,TGT,TGT,GA
1631,T,C,HA,3,534,ATT,ATC,I,I,True,T1631C,I534I,HA-534,TTT,34,TTT,TTT,TC
1631,T,A,HA,3,534,ATT,ATA,I,I,True,T1631A,I534I,HA-534,TTT,2,TTT,TTT,TA
1634,C,T,HA,3,535,TCC,TCT,S,S,True,C1634T,S535S,HA-535,CCT,23,CCT,CCT,CT
1634,C,G,HA,3,535,TCC,TCG,S,S,True,C1634G,S535S,HA-535,CCT,0,,,CG
1634,C,A,HA,3,535,TCC,TCA,S,S,True,C1634A,S535S,HA-535,CCT,15,CCT,CCT,CA
1637,T,C,HA,3,536,TTT,TTC,F,F,True,T1637C,F536F,HA-536,TTG,4,TTG,TTG,TC
1640,C,T,HA,3,537,GCC,GCT,A,A,True,C1640T,A537A,HA-537,CCA,0,,,CT
1640,C,G,HA,3,537,GCC,GCG,A,A,True,C1640G,A537A,HA-537,CCA,0,,,CG
1640,C,A,HA,3,537,GCC,GCA,A,A,True,C1640A,A537A,HA-537,CCA,0,,,CA
1643,A,C,HA,3,538,ATA,ATC,I,I,True,A1643C,I538I,HA-538,TAT,0,,,AC
1643,A,T,HA,3,538,ATA,ATT,I,I,True,A1643T,I538I,HA-538,TAT,1,TAT,TAT,AT
1646,A,G,HA,3,539,TCA,TCG,S,S,True,A1646G,S539S,HA-539,CAT,7,CAT,CAT,AG
1646,A,C,HA,3,539,TCA,TCC,S,S,True,A1646C,S539S,HA-539,CAT,1,CAT,CAT,AC
1646,A,T,HA,3,539,TCA,TCT,S,S,True,A1646T,S539S,HA-539,CAT,4,CAT,CAT,AT
1649,C,T,HA,3,540,TGC,TGT,C,C,True,C1649T,C540C,HA-540,GCT,8,GCT,GCT,CT
1652,T,C,HA,3,541,TTT,TTC,F,F,True,T1652C,F541F,HA-541,TTT,33,TTT,TTT,TC
1652,T,C,HA,3,541,TTT,TTC,F,F,True,T1652C,F541F,HA-541,TTT,1,TTC,TTT,TC
1653,T,C,HA,1,542,TTG,CTG,L,L,True,T1653C,L542L,HA-542,TTT,20,TTT,TTT,TC
1653,T,C,HA,1,542,TTG,CTG,L,L,True,T1653C,L542L,HA-542,TTT,1,CTT,TTT,TC
1655,G,A,HA,3,542,TTG,TTA,L,L,True,G1655A,L542L,HA-542,TGC,47,TGC,TGC,GA
1658,T,G,HA,3,543,CTT,CTG,L,L,True,T1658G,L543L,HA-543,TTT,4,TTT,TTT,TG
1658,T,C,HA,3,543,CTT,CTC,L,L,True,T1658C,L543L,HA-543,TTT,34,TTT,TTT,TC
1658,T,A,HA,3,543,CTT,CTA,L,L,True,T1658A,L543L,HA-543,TTT,2,TTT,TTT,TA
1661,T,C,HA,3,544,TGT,TGC,C,C,True,T1661C,C544C,HA-544,GTG,14,GTG,GTG,TC
1661,T,C,HA,3,544,TGT,TGC,C,C,True,T1661C,C544C,HA-544,GTG,17,GTA,GTG,TC
1664,T,G,HA,3,545,GTT,GTG,V,V,True,T1664G,V545V,HA-545,TTG,2,TTG,TTG,TG
1664,T,C,HA,3,545,GTT,GTC,V,V,True,T1664C,V545V,HA-545,TTG,9,TTG,TTG,TC
1664,T,A,HA,3,545,GTT,GTA,V,V,True,T1664A,V545V,HA-545,TTG,3,TTG,TTG,TA
1667,T,G,HA,3,546,GTT,GTG,V,V,True,T1667G,V546V,HA-546,TTT,1,TTC,TTT,TG
1667,T,G,HA,3,546,GTT,GTG,V,V,True,T1667G,V546V,HA-546,TTT,1,TTT,TTT,TG
1667,T,C,HA,3,546,GTT,GTC,V,V,True,T1667C,V546V,HA-546,TTT,3,TTT,TTT,TC
1667,T,C,HA,3,546,GTT,GTC,V,V,True,T1667C,V546V,HA-546,TTT,11,TTC,TTT,TC
1667,T,A,HA,3,546,GTT,GTA,V,V,True,T1667A,V546V,HA-546,TTT,0,,,TA
1668,T,C,HA,1,547,TTG,CTG,L,L,True,T1668C,L547L,HA-547,TTT,24,TTT,TTT,TC
1670,G,A,HA,3,547,TTG,TTA,L,L,True,G1670A,L547L,HA-547,TGC,7,TGC,TGC,GA
1670,G,A,HA,3,547,TTG,TTA,L,L,True,G1670A,L547L,HA-547,TGC,19,TGT,TGC,GA
1671,C,T,HA,1,548,CTG,TTG,L,L,True,C1671T,L548L,HA-548,GCT,10,GCT,GCT,CT
1671,C,T,HA,1,548,CTG,TTG,L,L,True,C1671T,L548L,HA-548,GCT,6,ACT,GCT,CT
1673,G,T,HA,3,548,CTG,CTT,L,L,True,G1673T,L548L,HA-548,TGG,1,TGG,TGG,GT
1673,G,C,HA,3,548,CTG,CTC,L,L,True,G1673C,L548L,HA-548,TGG,0,,,GC
1673,G,A,HA,3,548,CTG,CTA,L,L,True,G1673A,L548L,HA-548,TGG,6,TGG,TGG,GA
1676,G,T,HA,3,549,GGG,GGT,G,G,True,G1676T,G549G,HA-549,GGT,24,GGT,GGT,GT
1676,G,C,HA,3,549,GGG,GGC,G,G,True,G1676C,G549G,HA-549,GGT,0,,,GC
1676,G,A,HA,3,549,GGG,GGA,G,G,True,G1676A,G549G,HA-549,GGT,71,GGT,GGT,GA
1679,C,T,HA,3,550,TTC,TTT,F,F,True,C1679T,F550F,HA-550,TCA,67,TCA,TCA,CT
1679,C,T,HA,3,550,TTC,TTT,F,F,True,C1679T,F550F,HA-550,TCA,1,TCG,TCA,CT
1682,C,T,HA,3,551,ATC,ATT,I,I,True,C1682T,I551I,HA-551,TCA,21,TCA,TCA,CT
1682,C,T,HA,3,551,ATC,ATT,I,I,True,C1682T,I551I,HA-551,TCA,1,TCT,TCA,CT
1682,C,A,HA,3,551,ATC,ATA,I,I,True,C1682A,I551I,HA-551,TCA,23,TCA,TCA,CA
1691,C,T,HA,3,554,GCC,GCT,A,A,True,C1691T,A554A,HA-554,CCT,48,CCT,CCT,CT
1691,C,G,HA,3,554,GCC,GCG,A,A,True,C1691G,A554A,HA-554,CCT,0,,,CG
1691,C,A,HA,3,554,GCC,GCA,A,A,True,C1691A,A554A,HA-554,CCT,29,CCT,CCT,CA
1694,C,T,HA,3,555,TGC,TGT,C,C,True,C1694T,C555C,HA-555,GCC,14,GCC,GCC,CT
1697,G,A,HA,3,556,CAG,CAA,Q,Q,True,G1697A,Q556Q,HA-556,AGA,10,AGA,AGA,GA
1698,A,C,HA,1,557,AGA,CGA,R,R,True,A1698C,R557R,HA-557,GAG,0,,,AC
1700,A,G,HA,3,557,AGA,AGG,R,R,True,A1700G,R557R,HA-557,GAG,6,GAG,GAG,AG
1703,C,T,HA,3,558,GGC,GGT,G,G,True,C1703T,G558G,HA-558,GCA,3,GCA,GCA,CT
1703,C,G,HA,3,558,GGC,GGG,G,G,True,C1703G,G558G,HA-558,GCA,0,,,CG
1703,C,A,HA,3,558,GGC,GGA,G,G,True,C1703A,G558G,HA-558,GCA,6,GCA,GCA,CA
1706,C,T,HA,3,559,AAC,AAT,N,N,True,C1706T,N559N,HA-559,ACA,19,ACA,ACA,CT
1709,T,C,HA,3,560,ATT,ATC,I,I,True,T1709C,I560I,HA-560,TTA,43,TTA,TTA,TC
1709,T,A,HA,3,560,ATT,ATA,I,I,True,T1709A,I560I,HA-560,TTA,4,TTA,TTA,TA
1710,A,C,HA,1,561,AGG,CGG,R,R,True,A1710C,R561R,HA-561,TAG,1,TAG,TAG,AC
1712,G,A,HA,3,561,AGG,AGA,R,R,True,G1712A,R561R,HA-561,GGT,80,GGT,GGT,GA
1715,C,T,HA,3,562,TGC,TGT,C,C,True,C1715T,C562C,HA-562,GCA,8,GCA,GCA,CT
1718,C,T,HA,3,563,AAC,AAT,N,N,True,C1718T,N563N,HA-563,ACA,16,ACA,ACA,CT
1721,T,C,HA,3,564,ATT,ATC,I,I,True,T1721C,I564I,HA-564,TTT,29,TTT,TTT,TC
1721,T,A,HA,3,564,ATT,ATA,I,I,True,T1721A,I564I,HA-564,TTT,4,TTT,TTT,TA
1724,C,T,HA,3,565,TGC,TGT,C,C,True,C1724T,C565C,HA-565,GCA,9,GCA,GCA,CT
1727,T,C,HA,3,566,ATT,ATC,I,I,True,T1727C,I566I,HA-566,TTT,29,TTT,TTT,TC
1727,T,A,HA,3,566,ATT,ATA,I,I,True,T1727A,I566I,HA-566,TTT,5,TTT,TTT,TA
1729,G,A,HA,2,567,TGA,TAA,*,*,True,G1729A,*567*,HA-567,TGA,50,TGA,TGA,GA
